# Blender 5.2.2 LTS
# www.blender.org
mtllib eyething body.mtl
o eyething_body
v 0.694283 0.713369 -0.065826 0.1333 0.1333 0.1333
v 0.694283 0.740377 0.000168 0.1333 0.1333 0.1333
v 0.694283 0.647360 -0.092835 0.1333 0.1333 0.1333
v 0.721291 0.696371 -0.042831 0.1333 0.1333 0.1333
v 0.721291 0.709371 0.000168 0.1333 0.1333 0.1333
v 0.721291 0.696371 0.044174 0.1333 0.1333 0.1333
v 0.694283 0.713369 0.066177 0.1333 0.1333 0.1333
v 0.694283 0.647360 0.093170 0.1333 0.1333 0.1333
v 0.694283 0.581381 0.066177 0.1333 0.1333 0.1333
v 0.721291 0.598379 0.044174 0.1333 0.1333 0.1333
v 0.694283 0.554373 0.000168 0.1333 0.1333 0.1333
v 0.721291 0.586355 0.000168 0.1333 0.1333 0.1333
v 0.721291 0.598379 -0.042831 0.1333 0.1333 0.1333
v 0.694283 0.581381 -0.065826 0.1333 0.1333 0.1333
v 1.111276 -0.014628 -0.134827 0.1333 0.1333 0.1333
v 1.111276 -0.014628 -0.137833 0.1333 0.1333 0.1333
v 1.091287 0.018362 -0.134827 0.1333 0.1333 0.1333
v 1.091287 0.018362 -0.137833 0.1333 0.1333 0.1333
v 1.102273 0.055380 -0.137833 0.1333 0.1333 0.1333
v 1.102273 0.055380 -0.134827 0.1333 0.1333 0.1333
v -1.204703 0.783376 0.000168 0.1333 0.1333 0.1333
v -1.273704 0.733358 0.086166 0.1333 0.1333 0.1333
v -1.204703 0.743368 0.096176 0.1333 0.1333 0.1333
v -1.309714 0.711355 0.057175 0.1333 0.1333 0.1333
v -1.273704 0.769369 0.000168 0.1333 0.1333 0.1333
v -1.309714 0.711355 -0.056824 0.1333 0.1333 0.1333
v -1.273704 0.733358 -0.085831 0.1333 0.1333 0.1333
v -1.204703 0.743368 -0.095825 0.1333 0.1333 0.1333
v 0.694283 0.713369 -0.065826 0.1333 0.1333 0.1333
v 0.640298 0.751364 0.000168 0.1333 0.1333 0.1333
v 0.694283 0.740377 0.000168 0.1333 0.1333 0.1333
v 0.640298 0.721365 -0.072830 0.1333 0.1333 0.1333
v 0.721291 0.696371 -0.042831 0.1333 0.1333 0.1333
v 0.721291 0.696371 0.044174 0.1333 0.1333 0.1333
v 0.694283 0.713369 0.066177 0.1333 0.1333 0.1333
v 0.640298 0.721365 0.074173 0.1333 0.1333 0.1333
v 0.708291 0.598379 -0.042831 0.1333 0.1333 0.1333
v 0.694283 0.647360 -0.092835 0.1333 0.1333 0.1333
v 0.681283 0.647360 -0.092835 0.1333 0.1333 0.1333
v 0.721291 0.598379 -0.042831 0.1333 0.1333 0.1333
v 0.721291 0.586355 0.000168 0.1333 0.1333 0.1333
v 0.708291 0.586355 0.000168 0.1333 0.1333 0.1333
v 0.721291 0.598379 0.044174 0.1333 0.1333 0.1333
v 0.708291 0.598379 0.044174 0.1333 0.1333 0.1333
v 0.694283 0.647360 0.093170 0.1333 0.1333 0.1333
v 0.681283 0.647360 0.093170 0.1333 0.1333 0.1333
v -1.273704 0.647360 0.122177 0.1333 0.1333 0.1333
v -1.292716 0.583364 0.057175 0.1333 0.1333 0.1333
v -1.309714 0.583364 0.057175 0.1333 0.1333 0.1333
v -1.256705 0.647360 0.122177 0.1333 0.1333 0.1333
v -1.309714 0.567373 0.000168 0.1333 0.1333 0.1333
v -1.292716 0.567373 0.000168 0.1333 0.1333 0.1333
v -1.309714 0.583364 -0.056824 0.1333 0.1333 0.1333
v -1.292716 0.583364 -0.056824 0.1333 0.1333 0.1333
v -1.273704 0.647360 -0.120834 0.1333 0.1333 0.1333
v -1.256705 0.647360 -0.120834 0.1333 0.1333 0.1333
v 1.189279 -0.004648 -0.137833 0.1333 0.1333 0.1333
v 1.189279 -0.004648 -0.134827 0.1333 0.1333 0.1333
v 1.152291 -0.023630 -0.134827 0.1333 0.1333 0.1333
v 1.152291 -0.023630 -0.137833 0.1333 0.1333 0.1333
v 1.111276 -0.014628 -0.134827 0.1333 0.1333 0.1333
v 1.111276 -0.014628 -0.137833 0.1333 0.1333 0.1333
v 1.478280 0.173361 0.153168 0.1333 0.1333 0.1333
v 1.381295 0.211355 0.101166 0.1333 0.1333 0.1333
v 1.402291 0.166372 0.153168 0.1333 0.1333 0.1333
v 1.108285 0.279379 0.106171 0.1333 0.1333 0.1333
v 1.102273 0.248373 0.139175 0.1333 0.1333 0.1333
v 1.055276 0.242361 0.139175 0.1333 0.1333 0.1333
v 0.478280 0.261373 0.141174 0.1333 0.1333 0.1333
v 0.416299 0.297354 0.105164 0.1333 0.1333 0.1333
v 0.426278 0.264364 0.141174 0.1333 0.1333 0.1333
v 1.616281 -0.042643 0.108170 0.1333 0.1333 0.1333
v 1.610299 -0.066630 0.134171 0.1333 0.1333 0.1333
v 1.571298 -0.070627 0.134171 0.1333 0.1333 0.1333
v 0.840280 -0.145640 0.107163 0.1333 0.1333 0.1333
v 0.837289 -0.170634 0.134171 0.1333 0.1333 0.1333
v 0.799294 -0.179636 0.134171 0.1333 0.1333 0.1333
v -1.138724 0.289358 0.134171 0.1333 0.1333 0.1333
v -1.189719 0.319357 0.105164 0.1333 0.1333 0.1333
v -1.181724 0.291372 0.134171 0.1333 0.1333 0.1333
v -0.673728 0.302358 0.137177 0.1333 0.1333 0.1333
v -0.727714 0.334371 0.105164 0.1333 0.1333 0.1333
v -0.719718 0.305380 0.137177 0.1333 0.1333 0.1333
v -0.370719 0.283376 0.105164 0.1333 0.1333 0.1333
v -0.380698 0.256368 0.136169 0.1333 0.1333 0.1333
v -0.425712 0.255361 0.136169 0.1333 0.1333 0.1333
v -0.106711 0.164358 0.133163 0.1333 0.1333 0.1333
v -0.150718 0.187368 0.108170 0.1333 0.1333 0.1333
v -0.142722 0.165365 0.133163 0.1333 0.1333 0.1333
v 0.537301 -0.133646 0.105164 0.1333 0.1333 0.1333
v 0.528298 -0.160624 0.135162 0.1333 0.1333 0.1333
v 0.484292 -0.160624 0.135162 0.1333 0.1333 0.1333
v 0.096291 0.324362 0.104172 0.1333 0.1333 0.1333
v 0.093301 0.296377 0.133163 0.1333 0.1333 0.1333
v 0.052285 0.287374 0.133163 0.1333 0.1333 0.1333
v 0.308297 0.143362 0.107162 0.1333 0.1333 0.1333
v 0.304299 0.121359 0.130173 0.1333 0.1333 0.1333
v 0.270272 0.116354 0.130173 0.1333 0.1333 0.1333
v -1.371726 0.338369 0.107162 0.1333 0.1333 0.1333
v -1.377707 0.317373 0.129166 0.1333 0.1333 0.1333
v -1.409720 0.316366 0.129166 0.1333 0.1333 0.1333
v -1.562705 0.277364 0.127167 0.1333 0.1333 0.1333
v -1.592704 0.303365 0.107162 0.1333 0.1333 0.1333
v -1.590720 0.284353 0.127167 0.1333 0.1333 0.1333
v -1.616721 0.271353 0.127167 0.1333 0.1333 0.1333
v -0.895713 0.312368 0.128174 0.1333 0.1333 0.1333
v -0.921714 0.345358 0.107162 0.1333 0.1333 0.1333
v -0.922721 0.325369 0.128174 0.1333 0.1333 0.1333
v -0.951713 0.317373 0.128174 0.1333 0.1333 0.1333
v 0.999276 -0.039622 0.108170 0.1333 0.1333 0.1333
v 1.007272 -0.053629 0.124176 0.1333 0.1333 0.1333
v 1.031289 -0.049631 0.124176 0.1333 0.1333 0.1333
v -0.320701 0.214376 -0.106827 0.1333 0.1333 0.1333
v -0.306724 0.188375 -0.137833 0.1333 0.1333 0.1333
v -0.261710 0.195364 -0.137833 0.1333 0.1333 0.1333
v -0.534720 0.342367 -0.106827 0.1333 0.1333 0.1333
v -0.589713 0.309377 -0.137833 0.1333 0.1333 0.1333
v -0.543723 0.313375 -0.137833 0.1333 0.1333 0.1333
v 0.843301 -0.149637 -0.108826 0.1333 0.1333 0.1333
v 0.793282 -0.181620 -0.137833 0.1333 0.1333 0.1333
v 0.836282 -0.176646 -0.137833 0.1333 0.1333 0.1333
v 0.498300 -0.146647 -0.109833 0.1333 0.1333 0.1333
v 0.501290 -0.172648 -0.135834 0.1333 0.1333 0.1333
v 0.539285 -0.181620 -0.135834 0.1333 0.1333 0.1333
v 1.136300 0.102377 -0.108826 0.1333 0.1333 0.1333
v 1.139291 0.075369 -0.137833 0.1333 0.1333 0.1333
v 1.180276 0.065359 -0.137833 0.1333 0.1333 0.1333
v -1.125724 0.348379 -0.107834 0.1333 0.1333 0.1333
v -1.176719 0.317373 -0.136826 0.1333 0.1333 0.1333
v -1.133719 0.321371 -0.136826 0.1333 0.1333 0.1333
v -1.395713 0.276357 -0.109833 0.1333 0.1333 0.1333
v -1.389701 0.256368 -0.131836 0.1333 0.1333 0.1333
v -1.357718 0.255361 -0.131836 0.1333 0.1333 0.1333
v 0.482278 0.321371 -0.103836 0.1333 0.1333 0.1333
v 0.433297 0.268362 -0.139832 0.1333 0.1333 0.1333
v 0.482278 0.286367 -0.139832 0.1333 0.1333 0.1333
v 0.531289 0.268362 -0.139832 0.1333 0.1333 0.1333
v 1.435281 0.204366 -0.146835 0.1333 0.1333 0.1333
v 1.364297 0.210378 -0.146835 0.1333 0.1333 0.1333
v 1.454293 0.245352 -0.098831 0.1333 0.1333 0.1333
v 0.191293 0.219381 -0.105835 0.1333 0.1333 0.1333
v 0.200295 0.192373 -0.135834 0.1333 0.1333 0.1333
v 0.244302 0.192373 -0.135834 0.1333 0.1333 0.1333
v -0.839713 0.280355 -0.109833 0.1333 0.1333 0.1333
v -0.865714 0.248373 -0.130829 0.1333 0.1333 0.1333
v -0.837699 0.261373 -0.130829 0.1333 0.1333 0.1333
v -0.808707 0.252371 -0.130829 0.1333 0.1333 0.1333
v 1.583291 -0.020640 -0.108826 0.1333 0.1333 0.1333
v 1.588296 -0.040629 -0.130829 0.1333 0.1333 0.1333
v 1.620278 -0.043619 -0.130829 0.1333 0.1333 0.1333
v -0.019706 0.292379 -0.106827 0.1333 0.1333 0.1333
v -0.063712 0.268362 -0.131836 0.1333 0.1333 0.1333
v -0.027701 0.269369 -0.131836 0.1333 0.1333 0.1333
v -1.584708 0.318380 -0.108826 0.1333 0.1333 0.1333
v -1.614707 0.291372 -0.128830 0.1333 0.1333 0.1333
v -1.586722 0.299368 -0.128830 0.1333 0.1333 0.1333
v -1.560721 0.286367 -0.128830 0.1333 0.1333 0.1333
v 0.417275 -0.041636 -0.109833 0.1333 0.1333 0.1333
v 0.392281 -0.062632 -0.125824 0.1333 0.1333 0.1333
v 0.416299 -0.056620 -0.125824 0.1333 0.1333 0.1333
v 0.952279 0.297354 -0.104828 0.1333 0.1333 0.1333
v 0.919290 0.265371 -0.127823 0.1333 0.1333 0.1333
v 0.951272 0.275381 -0.127823 0.1333 0.1333 0.1333
v 0.982278 0.262380 -0.127823 0.1333 0.1333 0.1333
v -1.273704 0.733358 0.086166 0.1333 0.1333 0.1333
v -1.204703 0.743368 0.096176 0.1333 0.1333 0.1333
v -1.204703 0.647360 0.136169 0.1333 0.1333 0.1333
v -1.273704 0.647360 0.122177 0.1333 0.1333 0.1333
v -1.273704 0.561361 0.086166 0.1333 0.1333 0.1333
v -1.204703 0.551351 0.096176 0.1333 0.1333 0.1333
v 0.694283 0.713369 0.066177 0.1333 0.1333 0.1333
v 0.640298 0.721365 0.074173 0.1333 0.1333 0.1333
v 0.694283 0.647360 0.093170 0.1333 0.1333 0.1333
v 0.640298 0.647360 0.104172 0.1333 0.1333 0.1333
v 0.694283 0.581381 0.066177 0.1333 0.1333 0.1333
v 0.640298 0.574362 0.074173 0.1333 0.1333 0.1333
v 1.502297 -0.041636 0.101166 0.1333 0.1333 0.1333
v 1.533273 0.057363 0.153168 0.1333 0.1333 0.1333
v 1.480294 0.003378 0.153168 0.1333 0.1333 0.1333
v 1.405282 -0.003641 0.153168 0.1333 0.1333 0.1333
v 1.650277 0.074362 0.101166 0.1333 0.1333 0.1333
v 1.318276 -0.083628 0.101166 0.1333 0.1333 0.1333
v 1.532296 0.128378 0.153168 0.1333 0.1333 0.1333
v 1.350289 0.041372 0.153168 0.1333 0.1333 0.1333
v 1.676278 0.197378 0.101166 0.1333 0.1333 0.1333
v 1.207284 -0.027628 0.101166 0.1333 0.1333 0.1333
v 1.564279 0.253378 0.101166 0.1333 0.1333 0.1333
v 1.233285 0.095358 0.101166 0.1333 0.1333 0.1333
v 1.478280 0.173361 0.153168 0.1333 0.1333 0.1333
v 1.349282 0.111379 0.153168 0.1333 0.1333 0.1333
v 1.381295 0.211355 0.101166 0.1333 0.1333 0.1333
v 1.402291 0.166372 0.153168 0.1333 0.1333 0.1333
v 1.125283 0.144369 0.139175 0.1333 0.1333 0.1333
v 1.071298 0.106375 0.106171 0.1333 0.1333 0.1333
v 1.190286 0.107382 0.106171 0.1333 0.1333 0.1333
v 1.078286 0.137380 0.139175 0.1333 0.1333 0.1333
v 1.152291 0.179373 0.139175 0.1333 0.1333 0.1333
v 1.038278 0.163381 0.139175 0.1333 0.1333 0.1333
v 1.250283 0.158376 0.106171 0.1333 0.1333 0.1333
v 0.964272 0.156362 0.106171 0.1333 0.1333 0.1333
v 1.216287 0.229360 0.106171 0.1333 0.1333 0.1333
v 1.028298 0.206381 0.139175 0.1333 0.1333 0.1333
v 1.142282 0.223379 0.139175 0.1333 0.1333 0.1333
v 0.930276 0.227377 0.106171 0.1333 0.1333 0.1333
v 1.108285 0.279379 0.106171 0.1333 0.1333 0.1333
v 0.990273 0.278372 0.106171 0.1333 0.1333 0.1333
v 1.102273 0.248373 0.139175 0.1333 0.1333 0.1333
v 1.055276 0.242361 0.139175 0.1333 0.1333 0.1333
v 0.473275 0.112356 0.105164 0.1333 0.1333 0.1333
v 0.505288 0.177358 0.141174 0.1333 0.1333 0.1333
v 0.463296 0.145376 0.141174 0.1333 0.1333 0.1333
v 0.411294 0.148367 0.141174 0.1333 0.1333 0.1333
v 0.586282 0.177358 0.105164 0.1333 0.1333 0.1333
v 0.344277 0.102377 0.105164 0.1333 0.1333 0.1333
v 0.511300 0.225363 0.141174 0.1333 0.1333 0.1333
v 0.378274 0.184377 0.141174 0.1333 0.1333 0.1333
v 0.615273 0.258352 0.105164 0.1333 0.1333 0.1333
v 0.274301 0.151357 0.105164 0.1333 0.1333 0.1333
v 0.545297 0.307363 0.105164 0.1333 0.1333 0.1333
v 0.303292 0.232382 0.105164 0.1333 0.1333 0.1333
v 0.478280 0.261373 0.141174 0.1333 0.1333 0.1333
v 0.385293 0.232382 0.141174 0.1333 0.1333 0.1333
v 0.416299 0.297354 0.105164 0.1333 0.1333 0.1333
v 0.426278 0.264364 0.141174 0.1333 0.1333 0.1333
v 1.625283 -0.151621 0.134171 0.1333 0.1333 0.1333
v 1.580300 -0.179636 0.108170 0.1333 0.1333 0.1333
v 1.675302 -0.183634 0.108170 0.1333 0.1333 0.1333
v 1.586282 -0.155619 0.134171 0.1333 0.1333 0.1333
v 1.647286 -0.124644 0.134171 0.1333 0.1333 0.1333
v 1.555276 -0.133646 0.134171 0.1333 0.1333 0.1333
v 1.725289 -0.144633 0.108170 0.1333 0.1333 0.1333
v 1.495278 -0.136637 0.108170 0.1333 0.1333 0.1333
v 1.701272 -0.086619 0.108170 0.1333 0.1333 0.1333
v 1.549294 -0.098643 0.134171 0.1333 0.1333 0.1333
v 1.641274 -0.088633 0.134171 0.1333 0.1333 0.1333
v 1.470284 -0.077646 0.108170 0.1333 0.1333 0.1333
v 1.616281 -0.042643 0.108170 0.1333 0.1333 0.1333
v 1.521279 -0.038645 0.108170 0.1333 0.1333 0.1333
v 1.610299 -0.066630 0.134171 0.1333 0.1333 0.1333
v 1.571298 -0.070627 0.134171 0.1333 0.1333 0.1333
v 0.864297 -0.254648 0.134171 0.1333 0.1333 0.1333
v 0.823281 -0.288645 0.107163 0.1333 0.1333 0.1333
v 0.920297 -0.279642 0.107163 0.1333 0.1333 0.1333
v 0.826272 -0.263621 0.134171 0.1333 0.1333 0.1333
v 0.883279 -0.223643 0.134171 0.1333 0.1333 0.1333
v 0.791299 -0.245646 0.134171 0.1333 0.1333 0.1333
v 0.965280 -0.233622 0.107163 0.1333 0.1333 0.1333
v 0.731301 -0.256632 0.107163 0.1333 0.1333 0.1333
v 0.932290 -0.177622 0.107163 0.1333 0.1333 0.1333
v 0.780282 -0.210642 0.134171 0.1333 0.1333 0.1333
v 0.872292 -0.188639 0.134171 0.1333 0.1333 0.1333
v 0.699288 -0.201639 0.107163 0.1333 0.1333 0.1333
v 0.840280 -0.145640 0.107163 0.1333 0.1333 0.1333
v 0.744302 -0.155619 0.107163 0.1333 0.1333 0.1333
v 0.837289 -0.170634 0.134171 0.1333 0.1333 0.1333
v 0.799294 -0.179636 0.134171 0.1333 0.1333 0.1333
v -1.144706 0.166372 0.105164 0.1333 0.1333 0.1333
v -1.118705 0.219381 0.134171 0.1333 0.1333 0.1333
v -1.152701 0.193380 0.134171 0.1333 0.1333 0.1333
v -1.195701 0.196371 0.134171 0.1333 0.1333 0.1333
v -1.051719 0.218374 0.105164 0.1333 0.1333 0.1333
v -1.251700 0.159353 0.105164 0.1333 0.1333 0.1333
v -1.112723 0.258352 0.134171 0.1333 0.1333 0.1333
v -1.222709 0.226370 0.134171 0.1333 0.1333 0.1333
v -1.025718 0.284353 0.105164 0.1333 0.1333 0.1333
v -1.308707 0.200369 0.105164 0.1333 0.1333 0.1333
v -1.083701 0.326376 0.105164 0.1333 0.1333 0.1333
v -1.283713 0.267355 0.105164 0.1333 0.1333 0.1333
v -1.138724 0.289358 0.134171 0.1333 0.1333 0.1333
v -1.216727 0.266378 0.134171 0.1333 0.1333 0.1333
v -1.189719 0.319357 0.105164 0.1333 0.1333 0.1333
v -1.181724 0.291372 0.134171 0.1333 0.1333 0.1333
v -0.680717 0.171377 0.105164 0.1333 0.1333 0.1333
v -0.652701 0.227377 0.137177 0.1333 0.1333 0.1333
v -0.689719 0.200369 0.137177 0.1333 0.1333 0.1333
v -0.734702 0.204366 0.137177 0.1333 0.1333 0.1333
v -0.580710 0.226370 0.105164 0.1333 0.1333 0.1333
v -0.794700 0.164358 0.105164 0.1333 0.1333 0.1333
v -0.645713 0.270376 0.137177 0.1333 0.1333 0.1333
v -0.762717 0.236379 0.137177 0.1333 0.1333 0.1333
v -0.553702 0.296377 0.105164 0.1333 0.1333 0.1333
v -0.855704 0.209371 0.105164 0.1333 0.1333 0.1333
v -0.613700 0.341360 0.105164 0.1333 0.1333 0.1333
v -0.827720 0.280355 0.105164 0.1333 0.1333 0.1333
v -0.673728 0.302358 0.137177 0.1333 0.1333 0.1333
v -0.756705 0.278372 0.137177 0.1333 0.1333 0.1333
v -0.727714 0.334371 0.105164 0.1333 0.1333 0.1333
v -0.719718 0.305380 0.137177 0.1333 0.1333 0.1333
v -0.371726 0.155355 0.136169 0.1333 0.1333 0.1333
v -0.426719 0.127371 0.105164 0.1333 0.1333 0.1333
v -0.315726 0.113363 0.105164 0.1333 0.1333 0.1333
v -0.416709 0.154379 0.136169 0.1333 0.1333 0.1333
v -0.342704 0.185354 0.136169 0.1333 0.1333 0.1333
v -0.451713 0.183370 0.136169 0.1333 0.1333 0.1333
v -0.253715 0.153372 0.105164 0.1333 0.1333 0.1333
v -0.521720 0.186361 0.105164 0.1333 0.1333 0.1333
v -0.276725 0.224355 0.105164 0.1333 0.1333 0.1333
v -0.455710 0.225363 0.136169 0.1333 0.1333 0.1333
v -0.346702 0.227377 0.136169 0.1333 0.1333 0.1333
v -0.544700 0.257375 0.105164 0.1333 0.1333 0.1333
v -0.370719 0.283376 0.105164 0.1333 0.1333 0.1333
v -0.481711 0.297354 0.105164 0.1333 0.1333 0.1333
v -0.380698 0.256368 0.136169 0.1333 0.1333 0.1333
v -0.425712 0.255361 0.136169 0.1333 0.1333 0.1333
v -0.107719 0.060354 0.108170 0.1333 0.1333 0.1333
v -0.086722 0.105367 0.133163 0.1333 0.1333 0.1333
v -0.114707 0.082357 0.133163 0.1333 0.1333 0.1333
v -0.151725 0.083364 0.133163 0.1333 0.1333 0.1333
v -0.029716 0.107382 0.108170 0.1333 0.1333 0.1333
v -0.197715 0.050375 0.108170 0.1333 0.1333 0.1333
v -0.082725 0.139364 0.133163 0.1333 0.1333 0.1333
v -0.174705 0.108358 0.133163 0.1333 0.1333 0.1333
v -0.010703 0.164358 0.108170 0.1333 0.1333 0.1333
v -0.247703 0.083364 0.108170 0.1333 0.1333 0.1333
v -0.060721 0.197378 0.108170 0.1333 0.1333 0.1333
v -0.227714 0.140371 0.108170 0.1333 0.1333 0.1333
v -0.106711 0.164358 0.133163 0.1333 0.1333 0.1333
v -0.171714 0.142355 0.133163 0.1333 0.1333 0.1333
v -0.150718 0.187368 0.108170 0.1333 0.1333 0.1333
v -0.142722 0.165365 0.133163 0.1333 0.1333 0.1333
v 0.536294 -0.257639 0.135162 0.1333 0.1333 0.1333
v 0.482278 -0.284647 0.105164 0.1333 0.1333 0.1333
v 0.590280 -0.298624 0.105164 0.1333 0.1333 0.1333
v 0.492288 -0.257639 0.135162 0.1333 0.1333 0.1333
v 0.564279 -0.228647 0.135162 0.1333 0.1333 0.1333
v 0.459298 -0.229624 0.135162 0.1333 0.1333 0.1333
v 0.650277 -0.260630 0.105164 0.1333 0.1333 0.1333
v 0.391274 -0.226633 0.105164 0.1333 0.1333 0.1333
v 0.629281 -0.191630 0.105164 0.1333 0.1333 0.1333
v 0.455300 -0.189646 0.135162 0.1333 0.1333 0.1333
v 0.561288 -0.188639 0.135162 0.1333 0.1333 0.1333
v 0.369302 -0.157633 0.105164 0.1333 0.1333 0.1333
v 0.537301 -0.133646 0.105164 0.1333 0.1333 0.1333
v 0.430276 -0.119639 0.105164 0.1333 0.1333 0.1333
v 0.528298 -0.160624 0.135162 0.1333 0.1333 0.1333
v 0.484292 -0.160624 0.135162 0.1333 0.1333 0.1333
v 0.121285 0.207357 0.133163 0.1333 0.1333 0.1333
v 0.077279 0.170370 0.104172 0.1333 0.1333 0.1333
v 0.180276 0.180380 0.104172 0.1333 0.1333 0.1333
v 0.080300 0.197378 0.133163 0.1333 0.1333 0.1333
v 0.142281 0.240377 0.133163 0.1333 0.1333 0.1333
v 0.043282 0.217367 0.133163 0.1333 0.1333 0.1333
v 0.229287 0.229360 0.104172 0.1333 0.1333 0.1333
v -0.020713 0.205374 0.104172 0.1333 0.1333 0.1333
v 0.194283 0.288381 0.104172 0.1333 0.1333 0.1333
v 0.031289 0.254354 0.133163 0.1333 0.1333 0.1333
v 0.130288 0.277364 0.133163 0.1333 0.1333 0.1333
v -0.055717 0.265371 0.104172 0.1333 0.1333 0.1333
v 0.096291 0.324362 0.104172 0.1333 0.1333 0.1333
v -0.006705 0.314352 0.104172 0.1333 0.1333 0.1333
v 0.093301 0.296377 0.133163 0.1333 0.1333 0.1333
v 0.052285 0.287374 0.133163 0.1333 0.1333 0.1333
v 0.323281 0.047354 0.130173 0.1333 0.1333 0.1333
v 0.285287 0.019369 0.107162 0.1333 0.1333 0.1333
v 0.369302 0.022360 0.107162 0.1333 0.1333 0.1333
v 0.289285 0.041372 0.130173 0.1333 0.1333 0.1333
v 0.341287 0.073354 0.130173 0.1333 0.1333 0.1333
v 0.260293 0.059377 0.130173 0.1333 0.1333 0.1333
v 0.411294 0.060354 0.107162 0.1333 0.1333 0.1333
v 0.207284 0.053365 0.107162 0.1333 0.1333 0.1333
v 0.386300 0.110372 0.107162 0.1333 0.1333 0.1333
v 0.252297 0.090353 0.130173 0.1333 0.1333 0.1333
v 0.333291 0.104360 0.130173 0.1333 0.1333 0.1333
v 0.181283 0.103353 0.107162 0.1333 0.1333 0.1333
v 0.308297 0.143362 0.107162 0.1333 0.1333 0.1333
v 0.223275 0.140371 0.107162 0.1333 0.1333 0.1333
v 0.304299 0.121359 0.130173 0.1333 0.1333 0.1333
v 0.270272 0.116354 0.130173 0.1333 0.1333 0.1333
v -1.367728 0.246359 0.129166 0.1333 0.1333 0.1333
v -1.406699 0.224355 0.107162 0.1333 0.1333 0.1333
v -1.326713 0.217367 0.107162 0.1333 0.1333 0.1333
v -1.400718 0.244375 0.129166 0.1333 0.1333 0.1333
v -1.347709 0.268362 0.129166 0.1333 0.1333 0.1333
v -1.425712 0.264364 0.129166 0.1333 0.1333 0.1333
v -1.283713 0.248373 0.107162 0.1333 0.1333 0.1333
v -1.475699 0.264364 0.107162 0.1333 0.1333 0.1333
v -1.301719 0.298361 0.107162 0.1333 0.1333 0.1333
v -1.429709 0.293356 0.129166 0.1333 0.1333 0.1333
v -1.351707 0.298361 0.129166 0.1333 0.1333 0.1333
v -1.494712 0.313375 0.107162 0.1333 0.1333 0.1333
v -1.371726 0.338369 0.107162 0.1333 0.1333 0.1333
v -1.450706 0.344381 0.107162 0.1333 0.1333 0.1333
v -1.377707 0.317373 0.129166 0.1333 0.1333 0.1333
v -1.409720 0.316366 0.129166 0.1333 0.1333 0.1333
v -1.556724 0.228353 0.127167 0.1333 0.1333 0.1333
v -1.581717 0.196371 0.107162 0.1333 0.1333 0.1333
v -1.512717 0.219381 0.107162 0.1333 0.1333 0.1333
v -1.548728 0.253378 0.127167 0.1333 0.1333 0.1333
v -1.611716 0.222372 0.127167 0.1333 0.1333 0.1333
v -1.487723 0.260366 0.107162 0.1333 0.1333 0.1333
v -1.653708 0.204366 0.107162 0.1333 0.1333 0.1333
v -1.520713 0.295370 0.107162 0.1333 0.1333 0.1333
v -1.625724 0.245352 0.127167 0.1333 0.1333 0.1333
v -1.562705 0.277364 0.127167 0.1333 0.1333 0.1333
v -1.686698 0.239370 0.107162 0.1333 0.1333 0.1333
v -1.592704 0.303365 0.107162 0.1333 0.1333 0.1333
v -1.661704 0.280355 0.107162 0.1333 0.1333 0.1333
v -1.616721 0.271353 0.127167 0.1333 0.1333 0.1333
v -0.898704 0.261373 0.128174 0.1333 0.1333 0.1333
v -0.929709 0.233358 0.107162 0.1333 0.1333 0.1333
v -0.855704 0.244375 0.107162 0.1333 0.1333 0.1333
v -0.885703 0.286367 0.128174 0.1333 0.1333 0.1333
v -0.955710 0.266378 0.128174 0.1333 0.1333 0.1333
v -0.821708 0.281362 0.107162 0.1333 0.1333 0.1333
v -1.001700 0.255361 0.107162 0.1333 0.1333 0.1333
v -0.849723 0.323354 0.107162 0.1333 0.1333 0.1333
v -0.965720 0.292379 0.128174 0.1333 0.1333 0.1333
v -0.895713 0.312368 0.128174 0.1333 0.1333 0.1333
v -1.029716 0.297354 0.107162 0.1333 0.1333 0.1333
v -0.921714 0.345358 0.107162 0.1333 0.1333 0.1333
v -0.995719 0.334371 0.107162 0.1333 0.1333 0.1333
v -0.951713 0.317373 0.128174 0.1333 0.1333 0.1333
v 0.992288 -0.071635 0.124176 0.1333 0.1333 0.1333
v 0.999276 -0.039622 0.108170 0.1333 0.1333 0.1333
v 0.955300 -0.079630 0.108170 0.1333 0.1333 0.1333
v 1.007272 -0.053629 0.124176 0.1333 0.1333 0.1333
v 0.994302 -0.093638 0.124176 0.1333 0.1333 0.1333
v 1.031289 -0.049631 0.124176 0.1333 0.1333 0.1333
v 0.950295 -0.118632 0.108170 0.1333 0.1333 0.1333
v 1.056283 -0.022623 0.108170 0.1333 0.1333 0.1333
v 0.986276 -0.133646 0.108170 0.1333 0.1333 0.1333
v 1.049294 -0.062632 0.124176 0.1333 0.1333 0.1333
v 1.012277 -0.106638 0.124176 0.1333 0.1333 0.1333
v 1.092294 -0.037638 0.108170 0.1333 0.1333 0.1333
v 1.043283 -0.116648 0.108170 0.1333 0.1333 0.1333
v 1.087289 -0.076639 0.108170 0.1333 0.1333 0.1333
v 1.035287 -0.102640 0.124176 0.1333 0.1333 0.1333
v 1.051278 -0.084635 0.124176 0.1333 0.1333 0.1333
v -1.273704 0.733358 0.086166 0.1333 0.1333 0.1333
v -1.273704 0.647360 0.122177 0.1333 0.1333 0.1333
v -1.309714 0.711355 0.057175 0.1333 0.1333 0.1333
v -1.273704 0.561361 0.086166 0.1333 0.1333 0.1333
v -1.309714 0.583364 0.057175 0.1333 0.1333 0.1333
v -1.273704 0.769369 0.000168 0.1333 0.1333 0.1333
v -1.309714 0.727377 0.000168 0.1333 0.1333 0.1333
v -1.309714 0.711355 -0.056824 0.1333 0.1333 0.1333
v -1.273704 0.526357 0.000168 0.1333 0.1333 0.1333
v -1.309714 0.567373 0.000168 0.1333 0.1333 0.1333
v -1.309714 0.583364 -0.056824 0.1333 0.1333 0.1333
v -1.273704 0.561361 -0.085831 0.1333 0.1333 0.1333
v -1.273704 0.647360 -0.120834 0.1333 0.1333 0.1333
v -1.273704 0.733358 -0.085831 0.1333 0.1333 0.1333
v 1.201272 0.032369 -0.137833 0.1333 0.1333 0.1333
v 1.189279 -0.004648 -0.137833 0.1333 0.1333 0.1333
v 1.189279 -0.004648 -0.134827 0.1333 0.1333 0.1333
v 1.201272 0.032369 -0.134827 0.1333 0.1333 0.1333
v 1.180276 0.065359 -0.137833 0.1333 0.1333 0.1333
v 1.180276 0.065359 -0.134827 0.1333 0.1333 0.1333
v -1.273704 0.561361 0.086166 0.1333 0.1333 0.1333
v -1.204703 0.551351 0.096176 0.1333 0.1333 0.1333
v -1.309714 0.583364 0.057175 0.1333 0.1333 0.1333
v -1.204703 0.511373 0.000168 0.1333 0.1333 0.1333
v -1.273704 0.526357 0.000168 0.1333 0.1333 0.1333
v -1.309714 0.583364 -0.056824 0.1333 0.1333 0.1333
v -1.273704 0.561361 -0.085831 0.1333 0.1333 0.1333
v -1.204703 0.551351 -0.095825 0.1333 0.1333 0.1333
v 0.694283 0.581381 0.066177 0.1333 0.1333 0.1333
v 0.640298 0.574362 0.074173 0.1333 0.1333 0.1333
v 0.721291 0.598379 0.044174 0.1333 0.1333 0.1333
v 0.640298 0.543356 0.000168 0.1333 0.1333 0.1333
v 0.694283 0.554373 0.000168 0.1333 0.1333 0.1333
v 0.721291 0.598379 -0.042831 0.1333 0.1333 0.1333
v 0.694283 0.581381 -0.065826 0.1333 0.1333 0.1333
v 0.640298 0.574362 -0.072830 0.1333 0.1333 0.1333
v 1.180276 0.065359 -0.137833 0.1333 0.1333 0.1333
v 1.180276 0.065359 -0.134827 0.1333 0.1333 0.1333
v 1.139291 0.075369 -0.137833 0.1333 0.1333 0.1333
v 1.139291 0.075369 -0.134827 0.1333 0.1333 0.1333
v 1.102273 0.055380 -0.137833 0.1333 0.1333 0.1333
v 1.102273 0.055380 -0.134827 0.1333 0.1333 0.1333
v 1.502297 -0.041636 0.101166 0.1333 0.1333 0.1333
v 1.480294 0.003378 0.153168 0.1333 0.1333 0.1333
v 1.405282 -0.003641 0.153168 0.1333 0.1333 0.1333
v 1.125283 0.144369 0.139175 0.1333 0.1333 0.1333
v 1.071298 0.106375 0.106171 0.1333 0.1333 0.1333
v 1.078286 0.137380 0.139175 0.1333 0.1333 0.1333
v 0.473275 0.112356 0.105164 0.1333 0.1333 0.1333
v 0.463296 0.145376 0.141174 0.1333 0.1333 0.1333
v 0.411294 0.148367 0.141174 0.1333 0.1333 0.1333
v 1.625283 -0.151621 0.134171 0.1333 0.1333 0.1333
v 1.580300 -0.179636 0.108170 0.1333 0.1333 0.1333
v 1.586282 -0.155619 0.134171 0.1333 0.1333 0.1333
v 0.864297 -0.254648 0.134171 0.1333 0.1333 0.1333
v 0.823281 -0.288645 0.107163 0.1333 0.1333 0.1333
v 0.826272 -0.263621 0.134171 0.1333 0.1333 0.1333
v -1.144706 0.166372 0.105164 0.1333 0.1333 0.1333
v -1.152701 0.193380 0.134171 0.1333 0.1333 0.1333
v -1.195701 0.196371 0.134171 0.1333 0.1333 0.1333
v -0.680717 0.171377 0.105164 0.1333 0.1333 0.1333
v -0.689719 0.200369 0.137177 0.1333 0.1333 0.1333
v -0.734702 0.204366 0.137177 0.1333 0.1333 0.1333
v -0.371726 0.155355 0.136169 0.1333 0.1333 0.1333
v -0.426719 0.127371 0.105164 0.1333 0.1333 0.1333
v -0.416709 0.154379 0.136169 0.1333 0.1333 0.1333
v -0.107719 0.060354 0.108170 0.1333 0.1333 0.1333
v -0.114707 0.082357 0.133163 0.1333 0.1333 0.1333
v -0.151725 0.083364 0.133163 0.1333 0.1333 0.1333
v 0.536294 -0.257639 0.135162 0.1333 0.1333 0.1333
v 0.482278 -0.284647 0.105164 0.1333 0.1333 0.1333
v 0.492288 -0.257639 0.135162 0.1333 0.1333 0.1333
v 0.121285 0.207357 0.133163 0.1333 0.1333 0.1333
v 0.077279 0.170370 0.104172 0.1333 0.1333 0.1333
v 0.080300 0.197378 0.133163 0.1333 0.1333 0.1333
v 0.323281 0.047354 0.130173 0.1333 0.1333 0.1333
v 0.285287 0.019369 0.107162 0.1333 0.1333 0.1333
v 0.289285 0.041372 0.130173 0.1333 0.1333 0.1333
v -1.367728 0.246359 0.129166 0.1333 0.1333 0.1333
v -1.406699 0.224355 0.107162 0.1333 0.1333 0.1333
v -1.400718 0.244375 0.129166 0.1333 0.1333 0.1333
v -1.556724 0.228353 0.127167 0.1333 0.1333 0.1333
v -1.581717 0.196371 0.107162 0.1333 0.1333 0.1333
v -1.583701 0.215353 0.127167 0.1333 0.1333 0.1333
v -1.611716 0.222372 0.127167 0.1333 0.1333 0.1333
v -0.898704 0.261373 0.128174 0.1333 0.1333 0.1333
v -0.929709 0.233358 0.107162 0.1333 0.1333 0.1333
v -0.928702 0.253378 0.128174 0.1333 0.1333 0.1333
v -0.955710 0.266378 0.128174 0.1333 0.1333 0.1333
v 1.012277 -0.106638 0.124176 0.1333 0.1333 0.1333
v 1.043283 -0.116648 0.108170 0.1333 0.1333 0.1333
v 1.035287 -0.102640 0.124176 0.1333 0.1333 0.1333
v -0.298728 0.087362 -0.137833 0.1333 0.1333 0.1333
v -0.239707 0.068380 -0.106827 0.1333 0.1333 0.1333
v -0.253715 0.094381 -0.137833 0.1333 0.1333 0.1333
v -0.581718 0.179373 -0.106827 0.1333 0.1333 0.1333
v -0.573722 0.208364 -0.137833 0.1333 0.1333 0.1333
v -0.527701 0.211355 -0.137833 0.1333 0.1333 0.1333
v 0.803292 -0.303629 -0.108826 0.1333 0.1333 0.1333
v 0.810281 -0.276621 -0.137833 0.1333 0.1333 0.1333
v 0.853280 -0.271647 -0.137833 0.1333 0.1333 0.1333
v 0.474282 -0.255625 -0.135834 0.1333 0.1333 0.1333
v 0.515298 -0.290629 -0.109833 0.1333 0.1333 0.1333
v 0.512277 -0.265635 -0.135834 0.1333 0.1333 0.1333
v 1.111276 -0.014628 -0.137833 0.1333 0.1333 0.1333
v 1.155282 -0.050638 -0.108826 0.1333 0.1333 0.1333
v 1.152291 -0.023630 -0.137833 0.1333 0.1333 0.1333
v -1.170707 0.195364 -0.107834 0.1333 0.1333 0.1333
v -1.162711 0.222372 -0.136826 0.1333 0.1333 0.1333
v -1.119712 0.225363 -0.136826 0.1333 0.1333 0.1333
v -1.399711 0.185354 -0.131836 0.1333 0.1333 0.1333
v -1.360709 0.163381 -0.109833 0.1333 0.1333 0.1333
v -1.366721 0.183370 -0.131836 0.1333 0.1333 0.1333
v 0.433297 0.180380 -0.139832 0.1333 0.1333 0.1333
v 0.482278 0.127371 -0.103836 0.1333 0.1333 0.1333
v 0.482278 0.162374 -0.139832 0.1333 0.1333 0.1333
v 0.531289 0.180380 -0.139832 0.1333 0.1333 0.1333
v 1.432290 0.046377 -0.146835 0.1333 0.1333 0.1333
v 1.342294 0.011373 -0.098831 0.1333 0.1333 0.1333
v 1.362283 0.052358 -0.146835 0.1333 0.1333 0.1333
v 0.192300 0.094381 -0.135834 0.1333 0.1333 0.1333
v 0.246285 0.067373 -0.105835 0.1333 0.1333 0.1333
v 0.236276 0.094381 -0.135834 0.1333 0.1333 0.1333
v -0.861716 0.197378 -0.130829 0.1333 0.1333 0.1333
v -0.830710 0.169363 -0.109833 0.1333 0.1333 0.1333
v -0.832725 0.188375 -0.130829 0.1333 0.1333 0.1333
v -0.804709 0.201376 -0.130829 0.1333 0.1333 0.1333
v 1.576272 -0.111643 -0.130829 0.1333 0.1333 0.1333
v 1.613290 -0.134623 -0.108826 0.1333 0.1333 0.1333
v 1.608285 -0.114634 -0.130829 0.1333 0.1333 0.1333
v -0.062705 0.164358 -0.106827 0.1333 0.1333 0.1333
v -0.055717 0.186361 -0.131836 0.1333 0.1333 0.1333
v -0.018699 0.188375 -0.131836 0.1333 0.1333 0.1333
v -1.620719 0.242361 -0.128830 0.1333 0.1333 0.1333
v -1.595725 0.210378 -0.108826 0.1333 0.1333 0.1333
v -1.593711 0.229360 -0.128830 0.1333 0.1333 0.1333
v -1.565726 0.237356 -0.128830 0.1333 0.1333 0.1333
v 0.407296 -0.128641 -0.109833 0.1333 0.1333 0.1333
v 0.409280 -0.113627 -0.125824 0.1333 0.1333 0.1333
v 0.432290 -0.107645 -0.125824 0.1333 0.1333 0.1333
v 0.916299 0.207357 -0.127823 0.1333 0.1333 0.1333
v 0.946298 0.171377 -0.104828 0.1333 0.1333 0.1333
v 0.947274 0.194357 -0.127823 0.1333 0.1333 0.1333
v 0.980294 0.204366 -0.127823 0.1333 0.1333 0.1333
v 0.708291 0.709371 0.000168 0.1333 0.1333 0.1333
v 0.708291 0.696371 -0.042831 0.1333 0.1333 0.1333
v 0.721291 0.696371 -0.042831 0.1333 0.1333 0.1333
v 0.694283 0.647360 -0.092835 0.1333 0.1333 0.1333
v 0.681283 0.647360 -0.092835 0.1333 0.1333 0.1333
v 0.721291 0.709371 0.000168 0.1333 0.1333 0.1333
v 0.708291 0.696371 0.044174 0.1333 0.1333 0.1333
v 0.721291 0.696371 0.044174 0.1333 0.1333 0.1333
v 0.694283 0.647360 0.093170 0.1333 0.1333 0.1333
v 0.681283 0.647360 0.093170 0.1333 0.1333 0.1333
v -1.292716 0.727377 0.000168 0.1333 0.1333 0.1333
v -1.309714 0.711355 0.057175 0.1333 0.1333 0.1333
v -1.309714 0.727377 0.000168 0.1333 0.1333 0.1333
v -1.292716 0.711355 0.057175 0.1333 0.1333 0.1333
v -1.273704 0.647360 0.122177 0.1333 0.1333 0.1333
v -1.256705 0.647360 0.122177 0.1333 0.1333 0.1333
v -1.292716 0.711355 -0.056824 0.1333 0.1333 0.1333
v -1.309714 0.711355 -0.056824 0.1333 0.1333 0.1333
v -1.273704 0.647360 -0.120834 0.1333 0.1333 0.1333
v -1.256705 0.647360 -0.120834 0.1333 0.1333 0.1333
v -1.273704 0.561361 -0.085831 0.1333 0.1333 0.1333
v -1.204703 0.551351 -0.095825 0.1333 0.1333 0.1333
v -1.273704 0.647360 -0.120834 0.1333 0.1333 0.1333
v -1.204703 0.647360 -0.135834 0.1333 0.1333 0.1333
v -1.273704 0.733358 -0.085831 0.1333 0.1333 0.1333
v -1.204703 0.743368 -0.095825 0.1333 0.1333 0.1333
v 0.694283 0.713369 -0.065826 0.1333 0.1333 0.1333
v 0.640298 0.721365 -0.072830 0.1333 0.1333 0.1333
v 0.640298 0.647360 -0.103836 0.1333 0.1333 0.1333
v 0.694283 0.647360 -0.092835 0.1333 0.1333 0.1333
v 0.694283 0.581381 -0.065826 0.1333 0.1333 0.1333
v 0.640298 0.574362 -0.072830 0.1333 0.1333 0.1333
v -0.320701 0.214376 -0.106827 0.1333 0.1333 0.1333
v -0.335715 0.154379 -0.137833 0.1333 0.1333 0.1333
v -0.403709 0.139364 -0.106827 0.1333 0.1333 0.1333
v -0.306724 0.188375 -0.137833 0.1333 0.1333 0.1333
v -0.332725 0.112356 -0.137833 0.1333 0.1333 0.1333
v -0.261710 0.195364 -0.137833 0.1333 0.1333 0.1333
v -0.414725 0.066366 -0.106827 0.1333 0.1333 0.1333
v -0.213706 0.246359 -0.106827 0.1333 0.1333 0.1333
v -0.346702 0.036367 -0.106827 0.1333 0.1333 0.1333
v -0.227714 0.170370 -0.137833 0.1333 0.1333 0.1333
v -0.298728 0.087362 -0.137833 0.1333 0.1333 0.1333
v -0.145713 0.216360 -0.106827 0.1333 0.1333 0.1333
v -0.239707 0.068380 -0.106827 0.1333 0.1333 0.1333
v -0.155723 0.143362 -0.106827 0.1333 0.1333 0.1333
v -0.253715 0.094381 -0.137833 0.1333 0.1333 0.1333
v -0.224723 0.128378 -0.137833 0.1333 0.1333 0.1333
v -0.648704 0.349355 -0.106827 0.1333 0.1333 0.1333
v -0.534720 0.342367 -0.106827 0.1333 0.1333 0.1333
v -0.589713 0.309377 -0.137833 0.1333 0.1333 0.1333
v -0.543723 0.313375 -0.137833 0.1333 0.1333 0.1333
v -0.616721 0.277364 -0.137833 0.1333 0.1333 0.1333
v -0.506705 0.286367 -0.137833 0.1333 0.1333 0.1333
v -0.709708 0.304373 -0.106827 0.1333 0.1333 0.1333
v -0.435721 0.287374 -0.106827 0.1333 0.1333 0.1333
v -0.681724 0.233358 -0.106827 0.1333 0.1333 0.1333
v -0.499717 0.243368 -0.137833 0.1333 0.1333 0.1333
v -0.610709 0.235372 -0.137833 0.1333 0.1333 0.1333
v -0.407706 0.217367 -0.106827 0.1333 0.1333 0.1333
v -0.581718 0.179373 -0.106827 0.1333 0.1333 0.1333
v -0.468711 0.172354 -0.106827 0.1333 0.1333 0.1333
v -0.573722 0.208364 -0.137833 0.1333 0.1333 0.1333
v -0.527701 0.211355 -0.137833 0.1333 0.1333 0.1333
v 0.736276 -0.146647 -0.108826 0.1333 0.1333 0.1333
v 0.843301 -0.149637 -0.108826 0.1333 0.1333 0.1333
v 0.793282 -0.181620 -0.137833 0.1333 0.1333 0.1333
v 0.836282 -0.176646 -0.137833 0.1333 0.1333 0.1333
v 0.767281 -0.212626 -0.137833 0.1333 0.1333 0.1333
v 0.871285 -0.201639 -0.137833 0.1333 0.1333 0.1333
v 0.680276 -0.190623 -0.108826 0.1333 0.1333 0.1333
v 0.938302 -0.198649 -0.108826 0.1333 0.1333 0.1333
v 0.708291 -0.255625 -0.108826 0.1333 0.1333 0.1333
v 0.878274 -0.240641 -0.137833 0.1333 0.1333 0.1333
v 0.775277 -0.251627 -0.137833 0.1333 0.1333 0.1333
v 0.966287 -0.263621 -0.108826 0.1333 0.1333 0.1333
v 0.803292 -0.303629 -0.108826 0.1333 0.1333 0.1333
v 0.910287 -0.307627 -0.108826 0.1333 0.1333 0.1333
v 0.810281 -0.276621 -0.137833 0.1333 0.1333 0.1333
v 0.853280 -0.271647 -0.137833 0.1333 0.1333 0.1333
v 0.406289 -0.179636 -0.109833 0.1333 0.1333 0.1333
v 0.498300 -0.146647 -0.109833 0.1333 0.1333 0.1333
v 0.466287 -0.190623 -0.135834 0.1333 0.1333 0.1333
v 0.501290 -0.172648 -0.135834 0.1333 0.1333 0.1333
v 0.455300 -0.224619 -0.135834 0.1333 0.1333 0.1333
v 0.539285 -0.181620 -0.135834 0.1333 0.1333 0.1333
v 0.373300 -0.234629 -0.109833 0.1333 0.1333 0.1333
v 0.594277 -0.156626 -0.109833 0.1333 0.1333 0.1333
v 0.418282 -0.280619 -0.109833 0.1333 0.1333 0.1333
v 0.558297 -0.212626 -0.135834 0.1333 0.1333 0.1333
v 0.474282 -0.255625 -0.135834 0.1333 0.1333 0.1333
v 0.639291 -0.202646 -0.109833 0.1333 0.1333 0.1333
v 0.515298 -0.290629 -0.109833 0.1333 0.1333 0.1333
v 0.606301 -0.258646 -0.109833 0.1333 0.1333 0.1333
v 0.512277 -0.265635 -0.135834 0.1333 0.1333 0.1333
v 0.547280 -0.247629 -0.135834 0.1333 0.1333 0.1333
v 1.038278 0.067373 -0.108826 0.1333 0.1333 0.1333
v 1.136300 0.102377 -0.108826 0.1333 0.1333 0.1333
v 1.102273 0.055380 -0.137833 0.1333 0.1333 0.1333
v 1.139291 0.075369 -0.137833 0.1333 0.1333 0.1333
v 1.091287 0.018362 -0.137833 0.1333 0.1333 0.1333
v 1.180276 0.065359 -0.137833 0.1333 0.1333 0.1333
v 1.003274 0.007375 -0.108826 0.1333 0.1333 0.1333
v 1.239297 0.092367 -0.108826 0.1333 0.1333 0.1333
v 1.052285 -0.041636 -0.108826 0.1333 0.1333 0.1333
v 1.201272 0.032369 -0.137833 0.1333 0.1333 0.1333
v 1.111276 -0.014628 -0.137833 0.1333 0.1333 0.1333
v 1.288278 0.043356 -0.108826 0.1333 0.1333 0.1333
v 1.155282 -0.050638 -0.108826 0.1333 0.1333 0.1333
v 1.253274 -0.015635 -0.108826 0.1333 0.1333 0.1333
v 1.152291 -0.023630 -0.137833 0.1333 0.1333 0.1333
v 1.189279 -0.004648 -0.137833 0.1333 0.1333 0.1333
v -1.231711 0.355367 -0.107834 0.1333 0.1333 0.1333
v -1.125724 0.348379 -0.107834 0.1333 0.1333 0.1333
v -1.176719 0.317373 -0.136826 0.1333 0.1333 0.1333
v -1.133719 0.321371 -0.136826 0.1333 0.1333 0.1333
v -1.202720 0.287374 -0.136826 0.1333 0.1333 0.1333
v -1.098716 0.295370 -0.136826 0.1333 0.1333 0.1333
v -1.289725 0.313375 -0.107834 0.1333 0.1333 0.1333
v -1.031699 0.296377 -0.107834 0.1333 0.1333 0.1333
v -1.263724 0.247366 -0.107834 0.1333 0.1333 0.1333
v -1.093711 0.255361 -0.136826 0.1333 0.1333 0.1333
v -1.196708 0.248373 -0.136826 0.1333 0.1333 0.1333
v -1.006705 0.229360 -0.107834 0.1333 0.1333 0.1333
v -1.170707 0.195364 -0.107834 0.1333 0.1333 0.1333
v -1.063712 0.188375 -0.107834 0.1333 0.1333 0.1333
v -1.162711 0.222372 -0.136826 0.1333 0.1333 0.1333
v -1.119712 0.225363 -0.136826 0.1333 0.1333 0.1333
v -1.415702 0.237356 -0.131836 0.1333 0.1333 0.1333
v -1.465720 0.237356 -0.109833 0.1333 0.1333 0.1333
v -1.395713 0.276357 -0.109833 0.1333 0.1333 0.1333
v -1.389701 0.256368 -0.131836 0.1333 0.1333 0.1333
v -1.419700 0.207357 -0.131836 0.1333 0.1333 0.1333
v -1.357718 0.255361 -0.131836 0.1333 0.1333 0.1333
v -1.483726 0.187368 -0.109833 0.1333 0.1333 0.1333
v -1.316703 0.283376 -0.109833 0.1333 0.1333 0.1333
v -1.440726 0.156362 -0.109833 0.1333 0.1333 0.1333
v -1.337699 0.232382 -0.131836 0.1333 0.1333 0.1333
v -1.399711 0.185354 -0.131836 0.1333 0.1333 0.1333
v -1.272727 0.252371 -0.109833 0.1333 0.1333 0.1333
v -1.360709 0.163381 -0.109833 0.1333 0.1333 0.1333
v -1.291709 0.202352 -0.109833 0.1333 0.1333 0.1333
v -1.366721 0.183370 -0.131836 0.1333 0.1333 0.1333
v -1.341727 0.203359 -0.131836 0.1333 0.1333 0.1333
v 0.355294 0.293356 -0.103836 0.1333 0.1333 0.1333
v 0.482278 0.321371 -0.103836 0.1333 0.1333 0.1333
v 0.433297 0.268362 -0.139832 0.1333 0.1333 0.1333
v 0.413278 0.224355 -0.139832 0.1333 0.1333 0.1333
v 0.531289 0.268362 -0.139832 0.1333 0.1333 0.1333
v 0.303292 0.224355 -0.103836 0.1333 0.1333 0.1333
v 0.609292 0.292379 -0.103836 0.1333 0.1333 0.1333
v 0.355294 0.156362 -0.103836 0.1333 0.1333 0.1333
v 0.551278 0.224355 -0.139832 0.1333 0.1333 0.1333
v 0.433297 0.180380 -0.139832 0.1333 0.1333 0.1333
v 0.661294 0.224355 -0.103836 0.1333 0.1333 0.1333
v 0.482278 0.127371 -0.103836 0.1333 0.1333 0.1333
v 0.608285 0.156362 -0.103836 0.1333 0.1333 0.1333
v 0.531289 0.180380 -0.139832 0.1333 0.1333 0.1333
v 1.435281 0.204366 -0.146835 0.1333 0.1333 0.1333
v 1.364297 0.210378 -0.146835 0.1333 0.1333 0.1333
v 1.454293 0.245352 -0.098831 0.1333 0.1333 0.1333
v 1.483285 0.153372 -0.146835 0.1333 0.1333 0.1333
v 1.285287 0.284353 -0.098831 0.1333 0.1333 0.1333
v 1.591287 0.137380 -0.098831 0.1333 0.1333 0.1333
v 1.314279 0.168356 -0.146835 0.1333 0.1333 0.1333
v 1.482278 0.088369 -0.146835 0.1333 0.1333 0.1333
v 1.181283 0.232382 -0.098831 0.1333 0.1333 0.1333
v 1.615273 0.024374 -0.098831 0.1333 0.1333 0.1333
v 1.205300 0.119375 -0.098831 0.1333 0.1333 0.1333
v 1.512277 -0.027628 -0.098831 0.1333 0.1333 0.1333
v 1.313302 0.103353 -0.146835 0.1333 0.1333 0.1333
v 1.432290 0.046377 -0.146835 0.1333 0.1333 0.1333
v 1.342294 0.011373 -0.098831 0.1333 0.1333 0.1333
v 1.362283 0.052358 -0.146835 0.1333 0.1333 0.1333
v 0.191293 0.219381 -0.105835 0.1333 0.1333 0.1333
v 0.167275 0.164358 -0.135834 0.1333 0.1333 0.1333
v 0.099282 0.160360 -0.105835 0.1333 0.1333 0.1333
v 0.200295 0.192373 -0.135834 0.1333 0.1333 0.1333
v 0.164285 0.123373 -0.135834 0.1333 0.1333 0.1333
v 0.244302 0.192373 -0.135834 0.1333 0.1333 0.1333
v 0.078286 0.092367 -0.105835 0.1333 0.1333 0.1333
v 0.298287 0.233358 -0.105835 0.1333 0.1333 0.1333
v 0.138284 0.053365 -0.105835 0.1333 0.1333 0.1333
v 0.273293 0.163381 -0.135834 0.1333 0.1333 0.1333
v 0.192300 0.094381 -0.135834 0.1333 0.1333 0.1333
v 0.359292 0.194357 -0.105835 0.1333 0.1333 0.1333
v 0.246285 0.067373 -0.105835 0.1333 0.1333 0.1333
v 0.337289 0.126364 -0.105835 0.1333 0.1333 0.1333
v 0.236276 0.094381 -0.135834 0.1333 0.1333 0.1333
v 0.269296 0.122366 -0.135834 0.1333 0.1333 0.1333
v -0.911704 0.258352 -0.109833 0.1333 0.1333 0.1333
v -0.839713 0.280355 -0.109833 0.1333 0.1333 0.1333
v -0.865714 0.248373 -0.130829 0.1333 0.1333 0.1333
v -0.875724 0.221365 -0.130829 0.1333 0.1333 0.1333
v -0.808707 0.252371 -0.130829 0.1333 0.1333 0.1333
v -0.938712 0.217367 -0.109833 0.1333 0.1333 0.1333
v -0.764701 0.270376 -0.109833 0.1333 0.1333 0.1333
v -0.905723 0.179373 -0.109833 0.1333 0.1333 0.1333
v -0.794700 0.228353 -0.130829 0.1333 0.1333 0.1333
v -0.861716 0.197378 -0.130829 0.1333 0.1333 0.1333
v -0.731711 0.232382 -0.109833 0.1333 0.1333 0.1333
v -0.830710 0.169363 -0.109833 0.1333 0.1333 0.1333
v -0.758720 0.190359 -0.109833 0.1333 0.1333 0.1333
v -0.804709 0.201376 -0.130829 0.1333 0.1333 0.1333
v 1.513284 -0.056620 -0.108826 0.1333 0.1333 0.1333
v 1.583291 -0.020640 -0.108826 0.1333 0.1333 0.1333
v 1.562295 -0.059641 -0.130829 0.1333 0.1333 0.1333
v 1.588296 -0.040629 -0.130829 0.1333 0.1333 0.1333
v 1.557290 -0.088633 -0.130829 0.1333 0.1333 0.1333
v 1.620278 -0.043619 -0.130829 0.1333 0.1333 0.1333
v 1.492288 -0.105631 -0.108826 0.1333 0.1333 0.1333
v 1.662301 -0.017618 -0.108826 0.1333 0.1333 0.1333
v 1.534280 -0.137644 -0.108826 0.1333 0.1333 0.1333
v 1.639291 -0.066630 -0.130829 0.1333 0.1333 0.1333
v 1.576272 -0.111643 -0.130829 0.1333 0.1333 0.1333
v 1.704293 -0.049631 -0.108826 0.1333 0.1333 0.1333
v 1.613290 -0.134623 -0.108826 0.1333 0.1333 0.1333
v 1.683297 -0.098643 -0.108826 0.1333 0.1333 0.1333
v 1.608285 -0.114634 -0.130829 0.1333 0.1333 0.1333
v 1.634286 -0.095621 -0.130829 0.1333 0.1333 0.1333
v -0.109702 0.301351 -0.106827 0.1333 0.1333 0.1333
v -0.019706 0.292379 -0.106827 0.1333 0.1333 0.1333
v -0.063712 0.268362 -0.131836 0.1333 0.1333 0.1333
v -0.027701 0.269369 -0.131836 0.1333 0.1333 0.1333
v -0.086722 0.243368 -0.131836 0.1333 0.1333 0.1333
v 0.001290 0.246359 -0.131836 0.1333 0.1333 0.1333
v -0.159720 0.268362 -0.106827 0.1333 0.1333 0.1333
v 0.057290 0.245352 -0.106827 0.1333 0.1333 0.1333
v -0.140708 0.211355 -0.106827 0.1333 0.1333 0.1333
v 0.004281 0.212362 -0.131836 0.1333 0.1333 0.1333
v -0.083701 0.209371 -0.131836 0.1333 0.1333 0.1333
v 0.077279 0.188375 -0.106827 0.1333 0.1333 0.1333
v -0.062705 0.164358 -0.106827 0.1333 0.1333 0.1333
v 0.027291 0.154379 -0.106827 0.1333 0.1333 0.1333
v -0.055717 0.186361 -0.131836 0.1333 0.1333 0.1333
v -0.018699 0.188375 -0.131836 0.1333 0.1333 0.1333
v -1.656699 0.309377 -0.108826 0.1333 0.1333 0.1333
v -1.584708 0.318380 -0.108826 0.1333 0.1333 0.1333
v -1.614707 0.291372 -0.128830 0.1333 0.1333 0.1333
v -1.628715 0.268362 -0.128830 0.1333 0.1333 0.1333
v -1.560721 0.286367 -0.128830 0.1333 0.1333 0.1333
v -1.689719 0.274374 -0.108826 0.1333 0.1333 0.1333
v -1.515708 0.295370 -0.108826 0.1333 0.1333 0.1333
v -1.664725 0.233358 -0.108826 0.1333 0.1333 0.1333
v -1.551719 0.260366 -0.128830 0.1333 0.1333 0.1333
v -1.620719 0.242361 -0.128830 0.1333 0.1333 0.1333
v -1.490714 0.254354 -0.108826 0.1333 0.1333 0.1333
v -1.595725 0.210378 -0.108826 0.1333 0.1333 0.1333
v -1.523704 0.219381 -0.108826 0.1333 0.1333 0.1333
v -1.565726 0.237356 -0.128830 0.1333 0.1333 0.1333
v 0.358285 -0.046641 -0.109833 0.1333 0.1333 0.1333
v 0.417275 -0.041636 -0.109833 0.1333 0.1333 0.1333
v 0.392281 -0.062632 -0.125824 0.1333 0.1333 0.1333
v 0.416299 -0.056620 -0.125824 0.1333 0.1333 0.1333
v 0.381295 -0.081644 -0.125824 0.1333 0.1333 0.1333
v 0.437295 -0.067637 -0.125824 0.1333 0.1333 0.1333
v 0.331277 -0.074625 -0.109833 0.1333 0.1333 0.1333
v 0.473275 -0.060648 -0.109833 0.1333 0.1333 0.1333
v 0.351296 -0.108622 -0.109833 0.1333 0.1333 0.1333
v 0.444283 -0.088633 -0.125824 0.1333 0.1333 0.1333
v 0.387277 -0.102640 -0.125824 0.1333 0.1333 0.1333
v 0.493295 -0.094645 -0.109833 0.1333 0.1333 0.1333
v 0.407296 -0.128641 -0.109833 0.1333 0.1333 0.1333
v 0.466287 -0.122629 -0.109833 0.1333 0.1333 0.1333
v 0.409280 -0.113627 -0.125824 0.1333 0.1333 0.1333
v 0.432290 -0.107645 -0.125824 0.1333 0.1333 0.1333
v 0.869302 0.283376 -0.104828 0.1333 0.1333 0.1333
v 0.952279 0.297354 -0.104828 0.1333 0.1333 0.1333
v 0.919290 0.265371 -0.127823 0.1333 0.1333 0.1333
v 0.904275 0.237356 -0.127823 0.1333 0.1333 0.1333
v 0.982278 0.262380 -0.127823 0.1333 0.1333 0.1333
v 0.832284 0.240377 -0.104828 0.1333 0.1333 0.1333
v 1.034280 0.275381 -0.104828 0.1333 0.1333 0.1333
v 0.865273 0.194357 -0.104828 0.1333 0.1333 0.1333
v 0.994302 0.232382 -0.127823 0.1333 0.1333 0.1333
v 0.916299 0.207357 -0.127823 0.1333 0.1333 0.1333
v 1.066293 0.229360 -0.104828 0.1333 0.1333 0.1333
v 0.946298 0.171377 -0.104828 0.1333 0.1333 0.1333
v 1.030282 0.186361 -0.104828 0.1333 0.1333 0.1333
v 0.980294 0.204366 -0.127823 0.1333 0.1333 0.1333
v 0.459298 0.064352 -0.113831 0.0667 0.0667 0.0667
v 0.459298 0.064352 0.112167 0.0667 0.0667 0.0667
v 0.573281 -0.132639 0.112167 0.0667 0.0667 0.0667
v 0.459298 -0.013621 0.112167 0.0667 0.0667 0.0667
v 0.573281 -0.132639 -0.113831 0.0667 0.0667 0.0667
v 0.459298 -0.013621 -0.113831 0.0667 0.0667 0.0667
v 0.495278 -0.050638 0.112167 0.0667 0.0667 0.0667
v -0.471702 0.356375 -0.113831 0.0667 0.0667 0.0667
v -0.439719 0.324362 0.112167 0.0667 0.0667 0.0667
v -0.439719 0.324362 -0.113831 0.0667 0.0667 0.0667
v -0.471702 0.356375 0.112167 0.0667 0.0667 0.0667
v 0.083291 0.356375 0.112167 0.0667 0.0667 0.0667
v 0.083291 0.356375 -0.113831 0.0667 0.0667 0.0667
v 0.040292 0.324362 -0.113831 0.0667 0.0667 0.0667
v 0.040292 0.324362 0.112167 0.0667 0.0667 0.0667
v -1.730704 0.356375 -0.113831 0.0667 0.0667 0.0667
v -0.471702 0.356375 0.112167 0.0667 0.0667 0.0667
v -0.471702 0.356375 -0.113831 0.0667 0.0667 0.0667
v -1.730704 0.356375 0.112167 0.0667 0.0667 0.0667
v 0.083291 0.356375 0.112167 0.0667 0.0667 0.0667
v 0.483285 0.356375 0.112167 0.0667 0.0667 0.0667
v 0.083291 0.356375 -0.113831 0.0667 0.0667 0.0667
v 0.483285 0.356375 -0.113831 0.0667 0.0667 0.0667
v 0.570291 0.302358 0.112167 0.0667 0.0667 0.0667
v 0.570291 0.302358 -0.113831 0.0667 0.0667 0.0667
v 1.780282 0.302358 -0.113831 0.0667 0.0667 0.0667
v 1.780282 0.302358 0.112167 0.0667 0.0667 0.0667
v 0.040292 0.324362 -0.113831 0.0667 0.0667 0.0667
v -0.439719 0.324362 -0.113831 0.0667 0.0667 0.0667
v -0.439719 0.324362 0.112167 0.0667 0.0667 0.0667
v 0.040292 0.324362 0.112167 0.0667 0.0667 0.0667
v 0.989297 -0.027628 -0.113831 0.0667 0.0667 0.0667
v 0.989297 -0.027628 0.112167 0.0667 0.0667 0.0667
v 0.874276 -0.132639 0.112167 0.0665 0.0665 0.0665
v 0.874276 -0.132639 -0.113831 0.0665 0.0665 0.0665
v 0.874276 -0.132639 0.112167 0.0664 0.0664 0.0664
v 0.573281 -0.132639 0.112167 0.0667 0.0667 0.0667
v 0.573281 -0.132639 -0.113831 0.0667 0.0667 0.0667
v 0.573281 -0.132639 0.112167 0.0667 0.0667 0.0667
v 0.959298 -0.318644 0.112167 0.0665 0.0665 0.0665
v 0.874276 -0.132639 0.112167 0.0664 0.0664 0.0664
v 0.874276 -0.132639 0.112167 0.0665 0.0665 0.0665
v 0.418282 -0.318644 0.112167 0.0667 0.0667 0.0667
v 1.218301 -0.091624 0.112167 0.0667 0.0667 0.0667
v 0.321298 -0.199625 0.112167 0.0667 0.0667 0.0667
v 0.989297 -0.027628 0.112167 0.0667 0.0667 0.0667
v 0.495278 -0.050638 0.112167 0.0667 0.0667 0.0667
v 0.970284 0.127371 0.112167 0.0667 0.0667 0.0667
v 0.321298 -0.069620 0.112167 0.0667 0.0667 0.0667
v 0.459298 -0.013621 0.112167 0.0667 0.0667 0.0667
v 1.417275 -0.091624 0.112167 0.0667 0.0667 0.0667
v 0.459298 0.064352 0.112167 0.0667 0.0667 0.0667
v 1.780282 0.302358 0.112167 0.0667 0.0667 0.0667
v 0.881295 0.173361 0.112167 0.0667 0.0667 0.0667
v 1.780282 -0.231638 0.112167 0.0667 0.0667 0.0667
v 1.525277 -0.231638 0.112167 0.0667 0.0667 0.0667
v 0.570291 0.302358 0.112167 0.0667 0.0667 0.0667
v 0.670297 0.173361 0.112167 0.0667 0.0667 0.0667
v 0.483285 0.356375 0.112167 0.0667 0.0667 0.0667
v 0.235299 0.027365 0.112167 0.0667 0.0667 0.0667
v 0.083291 0.356375 0.112167 0.0667 0.0667 0.0667
v 0.040292 0.324362 0.112167 0.0667 0.0667 0.0667
v -0.374717 0.027365 0.112167 0.0667 0.0667 0.0667
v -0.439719 0.324362 0.112167 0.0667 0.0667 0.0667
v -0.698722 0.146353 0.112167 0.0667 0.0667 0.0667
v -0.471702 0.356375 0.112167 0.0667 0.0667 0.0667
v -1.730704 0.356375 0.112167 0.0667 0.0667 0.0667
v -1.730704 0.146353 0.112167 0.0667 0.0667 0.0667
v -1.730704 0.356375 -0.113831 0.0667 0.0667 0.0667
v -1.730704 0.146353 -0.113831 0.0667 0.0667 0.0667
v -1.730704 0.146353 0.112167 0.0667 0.0667 0.0667
v -1.730704 0.356375 0.112167 0.0667 0.0667 0.0667
v 1.417275 -0.091624 -0.113831 0.0667 0.0667 0.0667
v 1.417275 -0.091624 0.112167 0.0667 0.0667 0.0667
v 1.525277 -0.231638 -0.113831 0.0667 0.0667 0.0667
v 1.525277 -0.231638 0.112167 0.0667 0.0667 0.0667
v 0.235299 0.027365 0.112167 0.0667 0.0667 0.0667
v 0.235299 0.027364 -0.113831 0.0667 0.0667 0.0667
v 0.321298 -0.069620 -0.113831 0.0667 0.0667 0.0667
v 0.321298 -0.069620 0.112167 0.0667 0.0667 0.0667
v 0.321298 -0.199625 -0.113831 0.0667 0.0667 0.0667
v 0.321298 -0.199625 0.112167 0.0667 0.0667 0.0667
v 0.418282 -0.318644 -0.113831 0.0667 0.0667 0.0667
v 0.418282 -0.318644 0.112167 0.0667 0.0667 0.0667
v 0.970284 0.127371 -0.113831 0.0667 0.0667 0.0667
v 0.970284 0.127371 0.112167 0.0667 0.0667 0.0667
v 0.989297 -0.027628 -0.113831 0.0667 0.0667 0.0667
v 0.989297 -0.027628 0.112167 0.0667 0.0667 0.0667
v 0.959298 -0.318644 -0.113831 0.0667 0.0667 0.0667
v 1.218301 -0.091624 -0.113831 0.0667 0.0667 0.0667
v 0.959298 -0.318644 0.112167 0.0667 0.0667 0.0667
v 1.218301 -0.091624 0.112167 0.0667 0.0667 0.0667
v 1.417275 -0.091624 -0.113831 0.0667 0.0667 0.0667
v 1.417275 -0.091624 0.112167 0.0667 0.0667 0.0667
v 1.525277 -0.231638 -0.113831 0.0667 0.0667 0.0667
v 1.525277 -0.231638 0.112167 0.0667 0.0667 0.0667
v 1.780282 -0.231638 -0.113831 0.0667 0.0667 0.0667
v 1.780282 -0.231638 0.112167 0.0667 0.0667 0.0667
v -0.698722 0.146353 -0.113831 0.0667 0.0667 0.0667
v -0.374717 0.027364 -0.113831 0.0667 0.0667 0.0667
v -0.698722 0.146353 0.112167 0.0667 0.0667 0.0667
v -1.730704 0.146353 0.112167 0.0667 0.0667 0.0667
v -1.730704 0.146353 -0.113831 0.0667 0.0667 0.0667
v -0.374717 0.027365 0.112167 0.0667 0.0667 0.0667
v 0.235299 0.027365 0.112167 0.0667 0.0667 0.0667
v 0.235299 0.027364 -0.113831 0.0667 0.0667 0.0667
v 0.418282 -0.318644 -0.113831 0.0667 0.0667 0.0667
v 0.418282 -0.318644 0.112167 0.0667 0.0667 0.0667
v 0.959298 -0.318644 -0.113831 0.0667 0.0667 0.0667
v 0.959298 -0.318644 0.112167 0.0667 0.0667 0.0667
v 0.970284 0.127371 -0.113831 0.0667 0.0667 0.0667
v 0.970284 0.127371 0.112167 0.0667 0.0667 0.0667
v 0.881295 0.173361 -0.113831 0.0667 0.0667 0.0667
v 0.881295 0.173361 0.112167 0.0667 0.0667 0.0667
v 0.670297 0.173361 -0.113831 0.0667 0.0667 0.0667
v 0.670297 0.173361 0.112167 0.0667 0.0667 0.0667
v 0.459298 0.064352 -0.113831 0.0667 0.0667 0.0667
v 0.459298 0.064352 0.112167 0.0667 0.0667 0.0667
v -0.698722 0.146353 -0.113831 0.0667 0.0667 0.0667
v -0.471702 0.356375 -0.113831 0.0667 0.0667 0.0667
v -0.439719 0.324362 -0.113831 0.0667 0.0667 0.0667
v -1.730704 0.356375 -0.113831 0.0667 0.0667 0.0667
v -1.730704 0.146353 -0.113831 0.0667 0.0667 0.0667
v -0.374717 0.027364 -0.113831 0.0667 0.0667 0.0667
v 0.040292 0.324362 -0.113831 0.0667 0.0667 0.0667
v 0.235299 0.027364 -0.113831 0.0667 0.0667 0.0667
v 0.083291 0.356375 -0.113831 0.0667 0.0667 0.0667
v 0.483285 0.356375 -0.113831 0.0667 0.0667 0.0667
v 0.459298 0.064352 -0.113831 0.0667 0.0667 0.0667
v 0.321298 -0.069620 -0.113831 0.0667 0.0667 0.0667
v 0.570291 0.302358 -0.113831 0.0667 0.0667 0.0667
v 0.459298 -0.013621 -0.113831 0.0667 0.0667 0.0667
v 0.670297 0.173361 -0.113831 0.0667 0.0667 0.0667
v 0.321298 -0.199625 -0.113831 0.0667 0.0667 0.0667
v 0.881295 0.173361 -0.113831 0.0667 0.0667 0.0667
v 0.573281 -0.132639 -0.113831 0.0667 0.0667 0.0667
v 1.780282 0.302358 -0.113831 0.0667 0.0667 0.0667
v 0.418282 -0.318644 -0.113831 0.0667 0.0667 0.0667
v 0.598275 -0.132639 -0.113831 0.0667 0.0667 0.0667
v 0.959298 -0.318644 -0.113831 0.0667 0.0667 0.0667
v 0.874276 -0.132639 -0.113831 0.0667 0.0667 0.0667
v 0.989297 -0.027628 -0.113831 0.0667 0.0667 0.0667
v 1.218301 -0.091624 -0.113831 0.0667 0.0667 0.0667
v 0.970284 0.127371 -0.113831 0.0667 0.0667 0.0667
v 1.417275 -0.091624 -0.113831 0.0667 0.0667 0.0667
v 1.780282 -0.231638 -0.113831 0.0667 0.0667 0.0667
v 1.525277 -0.231638 -0.113831 0.0667 0.0667 0.0667
v 1.957284 0.326376 0.136169 0.1333 0.1333 0.1333
v 1.957284 -0.298624 -0.136826 0.1333 0.1333 0.1333
v 1.957284 0.326376 -0.136826 0.1333 0.1333 0.1333
v 1.957284 -0.298624 0.136169 0.1333 0.1333 0.1333
v 0.661294 0.647360 -0.093826 0.1333 0.1333 0.1333
v 0.661294 0.559377 -0.087830 0.1333 0.1333 0.1333
v 0.661294 0.647360 -0.124832 0.1333 0.1333 0.1333
v 0.661294 0.580374 -0.066834 0.1333 0.1333 0.1333
v 0.661294 0.714376 -0.066834 0.1333 0.1333 0.1333
v 0.661294 0.522360 0.000168 0.1333 0.1333 0.1333
v 0.661294 0.735372 -0.087830 0.1333 0.1333 0.1333
v 0.661294 0.552358 0.000168 0.1333 0.1333 0.1333
v 0.661294 0.772360 0.000168 0.1333 0.1333 0.1333
v 0.661294 0.559377 0.089172 0.1333 0.1333 0.1333
v 0.661294 0.742361 0.000168 0.1333 0.1333 0.1333
v 0.661294 0.580374 0.067169 0.1333 0.1333 0.1333
v 0.661294 0.714376 0.067169 0.1333 0.1333 0.1333
v 0.661294 0.647360 0.095169 0.1333 0.1333 0.1333
v 0.661294 0.735372 0.089172 0.1333 0.1333 0.1333
v 0.661294 0.647360 0.125168 0.1333 0.1333 0.1333
v 0.340280 0.347372 -0.097824 0.1333 0.1333 0.1333
v 0.340280 0.444357 -0.000824 0.1333 0.1333 0.1333
v 0.340280 0.250356 -0.000824 0.1333 0.1333 0.1333
v 0.340280 0.416372 -0.068832 0.1333 0.1333 0.1333
v 0.340280 0.278372 -0.068832 0.1333 0.1333 0.1333
v 0.340280 0.416372 0.068176 0.1333 0.1333 0.1333
v 0.340280 0.278372 0.068176 0.1333 0.1333 0.1333
v 0.340280 0.347372 0.096176 0.1333 0.1333 0.1333
v 0.125283 0.612356 -0.082825 0.1333 0.1333 0.1333
v 0.125283 0.612356 0.083176 0.1333 0.1333 0.1333
v 0.125283 0.364370 -0.082825 0.1333 0.1333 0.1333
v 0.125283 0.364370 0.083176 0.1333 0.1333 0.1333
v 0.125283 0.715353 -0.068832 0.1333 0.1333 0.1333
v 0.125283 0.647360 -0.096832 0.1333 0.1333 0.1333
v 0.125283 0.744375 0.000168 0.1333 0.1333 0.1333
v 0.125283 0.715353 0.069168 0.1333 0.1333 0.1333
v 0.125283 0.647360 0.097168 0.1333 0.1333 0.1333
v -0.088706 0.599355 0.125168 0.1333 0.1333 0.1333
v -0.088706 0.599355 0.180176 0.1333 0.1333 0.1333
v -0.068717 0.648367 0.125168 0.1333 0.1333 0.1333
v -0.068717 0.648367 0.180176 0.1333 0.1333 0.1333
v -0.088706 0.698354 0.125168 0.1333 0.1333 0.1333
v -0.088706 0.698354 0.180176 0.1333 0.1333 0.1333
v -0.103721 0.773367 0.035171 0.1333 0.1333 0.1333
v -0.103721 0.711355 0.035171 0.1333 0.1333 0.1333
v -0.088706 0.773367 0.000168 0.1333 0.1333 0.1333
v -0.088706 0.711355 0.000168 0.1333 0.1333 0.1333
v -0.103721 0.773367 -0.034836 0.1333 0.1333 0.1333
v -0.103721 0.711355 -0.034836 0.1333 0.1333 0.1333
v -0.271720 0.423361 -0.000824 0.1333 0.1333 0.1333
v -0.271720 0.416372 -0.068832 0.1333 0.1333 0.1333
v -0.271720 0.444357 -0.000824 0.1333 0.1333 0.1333
v -0.271720 0.347372 -0.097824 0.1333 0.1333 0.1333
v -0.271720 0.343374 0.084167 0.1333 0.1333 0.1333
v -0.271720 0.397360 0.062164 0.1333 0.1333 0.1333
v -0.311698 0.744375 0.000168 0.1333 0.1333 0.1333
v -0.311698 0.612356 -0.082825 0.1333 0.1333 0.1333
v -0.311698 0.715353 -0.068832 0.1333 0.1333 0.1333
v -0.311698 0.647360 -0.096832 0.1333 0.1333 0.1333
v -0.311698 0.612356 0.083176 0.1333 0.1333 0.1333
v -0.311698 0.715353 0.069168 0.1333 0.1333 0.1333
v -0.311698 0.647360 0.097168 0.1333 0.1333 0.1333
v -0.311698 0.364370 -0.082825 0.1333 0.1333 0.1333
v -0.311698 0.364370 0.083176 0.1333 0.1333 0.1333
v -0.103721 0.613363 0.125168 0.1333 0.1333 0.1333
v -0.103721 0.613363 0.063171 0.1333 0.1333 0.1333
v -0.088706 0.648367 0.125168 0.1333 0.1333 0.1333
v -0.088706 0.648367 0.063171 0.1333 0.1333 0.1333
v -0.103721 0.683370 0.125168 0.1333 0.1333 0.1333
v -0.103721 0.683370 0.063171 0.1333 0.1333 0.1333
v -0.103721 0.683370 -0.124832 0.1333 0.1333 0.1333
v -0.103721 0.683370 -0.061829 0.1333 0.1333 0.1333
v -0.088706 0.648367 -0.124832 0.1333 0.1333 0.1333
v -0.088706 0.648367 -0.061829 0.1333 0.1333 0.1333
v -0.103721 0.613363 -0.124832 0.1333 0.1333 0.1333
v -0.103721 0.613363 -0.061829 0.1333 0.1333 0.1333
v -0.088706 0.773367 0.050171 0.1333 0.1333 0.1333
v -0.088706 0.828359 0.050171 0.1333 0.1333 0.1333
v -0.068717 0.773367 0.000168 0.1333 0.1333 0.1333
v -0.068717 0.828359 0.000168 0.1333 0.1333 0.1333
v -0.088706 0.773367 -0.048828 0.1333 0.1333 0.1333
v -0.088706 0.828359 -0.048828 0.1333 0.1333 0.1333
v -0.088706 0.698354 -0.124832 0.1333 0.1333 0.1333
v -0.088706 0.698354 -0.179825 0.1333 0.1333 0.1333
v -0.068717 0.648367 -0.124832 0.1333 0.1333 0.1333
v -0.068717 0.648367 -0.179825 0.1333 0.1333 0.1333
v -0.088706 0.599355 -0.124832 0.1333 0.1333 0.1333
v -0.088706 0.599355 -0.179825 0.1333 0.1333 0.1333
v 1.696298 0.338369 -0.099823 0.1333 0.1333 0.1333
v 1.696298 0.338369 0.098175 0.1333 0.1333 0.1333
v 1.696298 0.261373 -0.099823 0.1333 0.1333 0.1333
v 1.696298 0.261373 0.098175 0.1333 0.1333 0.1333
v -3.108726 0.241354 -0.000824 0.1333 0.1333 0.1333
v -3.108726 0.341360 -0.100830 0.1333 0.1333 0.1333
v -3.108726 0.341360 0.100174 0.1333 0.1333 0.1333
v -3.108726 0.270376 -0.071823 0.1333 0.1333 0.1333
v -3.108726 0.270376 0.070175 0.1333 0.1333 0.1333
v -3.108726 0.441366 -0.000824 0.1333 0.1333 0.1333
v -3.108726 0.412374 0.070175 0.1333 0.1333 0.1333
v -3.108726 0.412374 -0.071823 0.1333 0.1333 0.1333
v -3.421714 0.293356 0.044174 0.1333 0.1333 0.1333
v -3.300712 0.293356 0.044174 0.1333 0.1333 0.1333
v -3.421714 0.275381 -0.000824 0.1333 0.1333 0.1333
v -3.300712 0.275381 -0.000824 0.1333 0.1333 0.1333
v -3.421714 0.293356 -0.044830 0.1333 0.1333 0.1333
v -3.300712 0.293356 -0.044830 0.1333 0.1333 0.1333
v -0.029716 0.707357 0.061172 0.1333 0.1333 0.1333
v -0.060721 0.721365 0.074173 0.1333 0.1333 0.1333
v -0.060721 0.752371 0.000168 0.1333 0.1333 0.1333
v -0.029716 0.732382 0.000168 0.1333 0.1333 0.1333
v -0.029716 0.707357 -0.059830 0.1333 0.1333 0.1333
v -0.060721 0.721365 -0.073837 0.1333 0.1333 0.1333
v -0.208701 0.828359 0.000168 0.1333 0.1333 0.1333
v -0.088706 0.828359 0.050171 0.1333 0.1333 0.1333
v -0.138724 0.828359 -0.069824 0.1333 0.1333 0.1333
v -0.187705 0.828359 -0.048828 0.1333 0.1333 0.1333
v -0.088706 0.828359 -0.048828 0.1333 0.1333 0.1333
v -0.068717 0.828359 0.000168 0.1333 0.1333 0.1333
v -0.187705 0.828359 0.050171 0.1333 0.1333 0.1333
v -0.138724 0.828359 0.070175 0.1333 0.1333 0.1333
v -0.187705 0.698354 0.180176 0.1333 0.1333 0.1333
v -0.187705 0.698354 0.125168 0.1333 0.1333 0.1333
v -0.138724 0.719381 0.180176 0.1333 0.1333 0.1333
v -0.088706 0.698354 0.125168 0.1333 0.1333 0.1333
v -0.138724 0.719381 0.125168 0.1333 0.1333 0.1333
v -0.088706 0.698354 0.180176 0.1333 0.1333 0.1333
v -0.587699 0.398367 0.059174 0.1333 0.1333 0.1333
v -3.421714 0.398367 0.059174 0.1333 0.1333 0.1333
v -0.587699 0.422354 -0.000824 0.1333 0.1333 0.1333
v -3.421714 0.422354 -0.000824 0.1333 0.1333 0.1333
v -0.587699 0.398367 -0.060837 0.1333 0.1333 0.1333
v -3.421714 0.398367 -0.060837 0.1333 0.1333 0.1333
v 0.627297 0.580374 -0.066834 0.1333 0.1333 0.1333
v 0.661294 0.552358 0.000168 0.1333 0.1333 0.1333
v 0.661294 0.580374 -0.066834 0.1333 0.1333 0.1333
v 0.627297 0.552358 0.000168 0.1333 0.1333 0.1333
v 0.661294 0.580374 0.067169 0.1333 0.1333 0.1333
v 0.627297 0.580374 0.067169 0.1333 0.1333 0.1333
v 0.028298 0.715353 -0.068832 0.1333 0.1333 0.1333
v 0.125283 0.715353 -0.068832 0.1333 0.1333 0.1333
v 0.028298 0.744375 0.000168 0.1333 0.1333 0.1333
v 0.125283 0.744375 0.000168 0.1333 0.1333 0.1333
v 0.028298 0.715353 0.069168 0.1333 0.1333 0.1333
v 0.125283 0.715353 0.069168 0.1333 0.1333 0.1333
v -0.408713 0.715353 -0.068832 0.1333 0.1333 0.1333
v -0.311698 0.715353 -0.068832 0.1333 0.1333 0.1333
v -0.408713 0.744375 0.000168 0.1333 0.1333 0.1333
v -0.311698 0.744375 0.000168 0.1333 0.1333 0.1333
v -0.408713 0.715353 0.069168 0.1333 0.1333 0.1333
v -0.311698 0.715353 0.069168 0.1333 0.1333 0.1333
v -0.173728 0.683370 0.063171 0.1333 0.1333 0.1333
v -0.173728 0.683370 0.125168 0.1333 0.1333 0.1333
v -0.103721 0.683370 0.125168 0.1333 0.1333 0.1333
v -0.138724 0.698354 0.063171 0.1333 0.1333 0.1333
v -0.103721 0.683370 0.063171 0.1333 0.1333 0.1333
v -0.138724 0.698354 0.125168 0.1333 0.1333 0.1333
v -3.108726 0.412374 0.070175 0.1333 0.1333 0.1333
v -3.262717 0.412374 0.070175 0.1333 0.1333 0.1333
v -3.108726 0.441366 -0.000824 0.1333 0.1333 0.1333
v -3.262717 0.441366 -0.000824 0.1333 0.1333 0.1333
v -3.108726 0.412374 -0.071823 0.1333 0.1333 0.1333
v -3.262717 0.412374 -0.071823 0.1333 0.1333 0.1333
v -1.158713 0.521353 0.000168 0.1333 0.1333 0.1333
v -1.224723 0.521353 0.000168 0.1333 0.1333 0.1333
v -1.158713 0.558370 0.090164 0.1333 0.1333 0.1333
v -1.158713 0.558370 -0.088837 0.1333 0.1333 0.1333
v -1.224723 0.558370 0.090164 0.1333 0.1333 0.1333
v -1.224723 0.558370 -0.088837 0.1333 0.1333 0.1333
v -0.173728 0.683370 -0.124832 0.1333 0.1333 0.1333
v -0.173728 0.683370 -0.061829 0.1333 0.1333 0.1333
v -0.138724 0.698354 -0.124832 0.1333 0.1333 0.1333
v -0.138724 0.698354 -0.061829 0.1333 0.1333 0.1333
v -0.103721 0.683370 -0.124832 0.1333 0.1333 0.1333
v -0.103721 0.683370 -0.061829 0.1333 0.1333 0.1333
v -0.187705 0.698354 -0.179825 0.1333 0.1333 0.1333
v -0.138724 0.719381 -0.124832 0.1333 0.1333 0.1333
v -0.138724 0.719381 -0.179825 0.1333 0.1333 0.1333
v -0.088706 0.698354 -0.124832 0.1333 0.1333 0.1333
v -0.187705 0.698354 -0.124832 0.1333 0.1333 0.1333
v -0.088706 0.698354 -0.179825 0.1333 0.1333 0.1333
v -0.012717 0.416372 -0.068832 0.1333 0.1333 0.1333
v 0.340280 0.416372 -0.068832 0.1333 0.1333 0.1333
v -0.012717 0.444357 -0.000824 0.1333 0.1333 0.1333
v 0.340280 0.444357 -0.000824 0.1333 0.1333 0.1333
v -0.271720 0.416372 -0.068832 0.1333 0.1333 0.1333
v -0.591727 0.416372 -0.068832 0.1333 0.1333 0.1333
v -0.591727 0.444357 -0.000824 0.1333 0.1333 0.1333
v -0.271720 0.444357 -0.000824 0.1333 0.1333 0.1333
v -0.303702 0.416372 0.068176 0.1333 0.1333 0.1333
v -0.591727 0.416372 0.068176 0.1333 0.1333 0.1333
v 0.340280 0.416372 0.068176 0.1333 0.1333 0.1333
v 0.019296 0.416372 0.068176 0.1333 0.1333 0.1333
v 1.629281 0.393362 -0.099823 0.1333 0.1333 0.1333
v 1.629281 0.393362 0.098175 0.1333 0.1333 0.1333
v 1.696298 0.338369 -0.099823 0.1333 0.1333 0.1333
v 1.696298 0.338369 0.098175 0.1333 0.1333 0.1333
v 1.016274 0.393362 0.098175 0.1333 0.1333 0.1333
v 1.016274 0.393362 -0.099823 0.1333 0.1333 0.1333
v 0.949288 0.338369 0.098175 0.1333 0.1333 0.1333
v 0.949288 0.338369 -0.099823 0.1333 0.1333 0.1333
v -0.246726 0.707357 0.061172 0.1333 0.1333 0.1333
v -0.215720 0.721365 0.074173 0.1333 0.1333 0.1333
v -0.215720 0.752371 0.000168 0.1333 0.1333 0.1333
v -0.246726 0.732382 0.000168 0.1333 0.1333 0.1333
v -0.246726 0.707357 -0.059830 0.1333 0.1333 0.1333
v -0.215720 0.721365 -0.073837 0.1333 0.1333 0.1333
v -0.140708 0.347372 -0.097824 0.1333 0.1333 0.1333
v -0.012717 0.343374 0.084167 0.1333 0.1333 0.1333
v -0.012717 0.347372 -0.097824 0.1333 0.1333 0.1333
v -0.271720 0.343374 0.084167 0.1333 0.1333 0.1333
v -0.271720 0.347372 -0.097824 0.1333 0.1333 0.1333
v 1.957284 0.326376 -0.136826 0.1333 0.1333 0.1333
v 1.743295 0.326376 -0.136826 0.1333 0.1333 0.1333
v 1.743295 0.326376 0.136169 0.1333 0.1333 0.1333
v 1.957284 0.326376 0.136169 0.1333 0.1333 0.1333
v -0.215720 0.721365 0.074173 0.1333 0.1333 0.1333
v -0.060721 0.721365 0.074173 0.1333 0.1333 0.1333
v -0.060721 0.752371 0.000168 0.1333 0.1333 0.1333
v -0.215720 0.752371 0.000168 0.1333 0.1333 0.1333
v -0.060721 0.721365 -0.073837 0.1333 0.1333 0.1333
v -0.215720 0.721365 -0.073837 0.1333 0.1333 0.1333
v -0.246726 0.707357 0.061172 0.1333 0.1333 0.1333
v -0.531699 0.707357 0.061172 0.1333 0.1333 0.1333
v -0.246726 0.732382 0.000168 0.1333 0.1333 0.1333
v -0.531699 0.732382 0.000168 0.1333 0.1333 0.1333
v -0.246726 0.707357 -0.059830 0.1333 0.1333 0.1333
v -0.531699 0.707357 -0.059830 0.1333 0.1333 0.1333
v -0.823722 0.811361 0.000168 0.1333 0.1333 0.1333
v -0.823722 0.763357 -0.115830 0.1333 0.1333 0.1333
v -1.224723 0.763357 -0.115830 0.1333 0.1333 0.1333
v -1.224723 0.811361 0.000168 0.1333 0.1333 0.1333
v -1.224723 0.763357 0.116165 0.1333 0.1333 0.1333
v -0.823722 0.763357 0.116165 0.1333 0.1333 0.1333
v 0.304299 0.707357 0.061172 0.1333 0.1333 0.1333
v -0.029716 0.707357 0.061172 0.1333 0.1333 0.1333
v 0.304299 0.732382 0.000168 0.1333 0.1333 0.1333
v -0.029716 0.732382 0.000168 0.1333 0.1333 0.1333
v 0.304299 0.707357 -0.059830 0.1333 0.1333 0.1333
v 0.420297 0.772360 0.000168 0.1333 0.1333 0.1333
v -0.029716 0.707357 -0.059830 0.1333 0.1333 0.1333
v 0.420297 0.735372 -0.087830 0.1333 0.1333 0.1333
v 0.661294 0.735372 -0.087830 0.1333 0.1333 0.1333
v 0.661294 0.772360 0.000168 0.1333 0.1333 0.1333
v 0.661294 0.735372 0.089172 0.1333 0.1333 0.1333
v 0.420297 0.735372 0.089172 0.1333 0.1333 0.1333
v -3.421714 0.293356 -0.044830 0.1333 0.1333 0.1333
v -3.300712 0.382375 -0.044830 0.1333 0.1333 0.1333
v -3.421714 0.382375 -0.044830 0.1333 0.1333 0.1333
v -3.300712 0.338369 -0.063828 0.1333 0.1333 0.1333
v -3.421714 0.338369 -0.063828 0.1333 0.1333 0.1333
v -3.300712 0.293356 -0.044830 0.1333 0.1333 0.1333
v -0.029716 0.587362 0.061172 0.1333 0.1333 0.1333
v -0.060721 0.647360 0.105164 0.1333 0.1333 0.1333
v -0.060721 0.573354 0.074173 0.1333 0.1333 0.1333
v -0.029716 0.647360 0.086166 0.1333 0.1333 0.1333
v -0.029716 0.707357 0.061172 0.1333 0.1333 0.1333
v -0.060721 0.721365 0.074173 0.1333 0.1333 0.1333
v -0.138724 0.711355 0.050171 0.1333 0.1333 0.1333
v -0.138724 0.773367 0.050171 0.1333 0.1333 0.1333
v -0.173728 0.711355 0.035171 0.1333 0.1333 0.1333
v -0.173728 0.773367 0.035171 0.1333 0.1333 0.1333
v -0.103721 0.773367 0.035171 0.1333 0.1333 0.1333
v -0.103721 0.711355 0.035171 0.1333 0.1333 0.1333
v -0.088706 0.599355 0.180176 0.1333 0.1333 0.1333
v -0.088706 0.698354 0.180176 0.1333 0.1333 0.1333
v -0.138724 0.719381 0.180176 0.1333 0.1333 0.1333
v -0.068717 0.648367 0.180176 0.1333 0.1333 0.1333
v -0.208701 0.648367 0.180176 0.1333 0.1333 0.1333
v -0.187705 0.698354 0.180176 0.1333 0.1333 0.1333
v -0.187705 0.599355 0.180176 0.1333 0.1333 0.1333
v -0.138724 0.578359 0.180176 0.1333 0.1333 0.1333
v -3.421714 0.278372 0.059174 0.1333 0.1333 0.1333
v -0.587699 0.278372 0.059174 0.1333 0.1333 0.1333
v -0.587699 0.338369 0.084167 0.1333 0.1333 0.1333
v -3.421714 0.338369 0.084167 0.1333 0.1333 0.1333
v -0.587699 0.398367 0.059174 0.1333 0.1333 0.1333
v -3.421714 0.398367 0.059174 0.1333 0.1333 0.1333
v 1.850289 -0.266642 0.136169 0.1333 0.1333 0.1333
v 1.743295 0.326376 0.136169 0.1333 0.1333 0.1333
v 1.743295 -0.266642 0.136169 0.1333 0.1333 0.1333
v 1.957284 0.326376 0.136169 0.1333 0.1333 0.1333
v 1.957284 -0.298624 0.136169 0.1333 0.1333 0.1333
v 1.925302 -0.298624 0.136169 0.1333 0.1333 0.1333
v 0.949288 0.261373 0.098175 0.1333 0.1333 0.1333
v 1.629281 0.393362 0.098175 0.1333 0.1333 0.1333
v 1.016274 0.393362 0.098175 0.1333 0.1333 0.1333
v 0.949288 0.338369 0.098175 0.1333 0.1333 0.1333
v 1.696298 0.261373 0.098175 0.1333 0.1333 0.1333
v 1.696298 0.338369 0.098175 0.1333 0.1333 0.1333
v 0.627297 0.580374 -0.066834 0.1333 0.1333 0.1333
v 0.661294 0.580374 -0.066834 0.1333 0.1333 0.1333
v 0.627297 0.647360 -0.093826 0.1333 0.1333 0.1333
v 0.661294 0.647360 -0.093826 0.1333 0.1333 0.1333
v 0.627297 0.714376 -0.066834 0.1333 0.1333 0.1333
v 0.661294 0.714376 -0.066834 0.1333 0.1333 0.1333
v 0.028298 0.715353 0.069168 0.1333 0.1333 0.1333
v 0.125283 0.715353 0.069168 0.1333 0.1333 0.1333
v 0.028298 0.647360 0.097168 0.1333 0.1333 0.1333
v 0.125283 0.647360 0.097168 0.1333 0.1333 0.1333
v 0.028298 0.612356 0.083176 0.1333 0.1333 0.1333
v 0.125283 0.612356 0.083176 0.1333 0.1333 0.1333
v 0.028298 0.364370 0.083176 0.1333 0.1333 0.1333
v 0.125283 0.364370 0.083176 0.1333 0.1333 0.1333
v -0.408713 0.715353 0.069168 0.1333 0.1333 0.1333
v -0.311698 0.715353 0.069168 0.1333 0.1333 0.1333
v -0.408713 0.647360 0.097168 0.1333 0.1333 0.1333
v -0.311698 0.647360 0.097168 0.1333 0.1333 0.1333
v -0.408713 0.612356 0.083176 0.1333 0.1333 0.1333
v -0.311698 0.612356 0.083176 0.1333 0.1333 0.1333
v -0.408713 0.364370 0.083176 0.1333 0.1333 0.1333
v -0.311698 0.364370 0.083176 0.1333 0.1333 0.1333
v -3.262717 0.270376 0.070175 0.1333 0.1333 0.1333
v -3.108726 0.270376 0.070175 0.1333 0.1333 0.1333
v -3.108726 0.341360 0.100174 0.1333 0.1333 0.1333
v -3.262717 0.341360 0.100174 0.1333 0.1333 0.1333
v -3.108726 0.412374 0.070175 0.1333 0.1333 0.1333
v -3.262717 0.412374 0.070175 0.1333 0.1333 0.1333
v -1.158713 0.558370 -0.088837 0.1333 0.1333 0.1333
v -1.224723 0.558370 -0.088837 0.1333 0.1333 0.1333
v -1.224723 0.647360 -0.125824 0.1333 0.1333 0.1333
v -1.158713 0.647360 -0.125824 0.1333 0.1333 0.1333
v -1.224723 0.736379 -0.088837 0.1333 0.1333 0.1333
v -1.158713 0.736379 -0.088837 0.1333 0.1333 0.1333
v -0.187705 0.773367 0.050171 0.1333 0.1333 0.1333
v -0.138724 0.773367 0.070175 0.1333 0.1333 0.1333
v -0.187705 0.828359 0.050171 0.1333 0.1333 0.1333
v -0.138724 0.828359 0.070175 0.1333 0.1333 0.1333
v -0.088706 0.773367 0.050171 0.1333 0.1333 0.1333
v -0.088706 0.828359 0.050171 0.1333 0.1333 0.1333
v 0.019296 0.278372 0.068176 0.1333 0.1333 0.1333
v 0.340280 0.278372 0.068176 0.1333 0.1333 0.1333
v 0.340280 0.347372 0.096176 0.1333 0.1333 0.1333
v -0.591727 0.278372 0.068176 0.1333 0.1333 0.1333
v -0.303702 0.278372 0.068176 0.1333 0.1333 0.1333
v -0.303702 0.347372 0.096176 0.1333 0.1333 0.1333
v -0.591727 0.347372 0.096176 0.1333 0.1333 0.1333
v -0.303702 0.416372 0.068176 0.1333 0.1333 0.1333
v -0.591727 0.416372 0.068176 0.1333 0.1333 0.1333
v 0.019296 0.347372 0.096176 0.1333 0.1333 0.1333
v 0.340280 0.416372 0.068176 0.1333 0.1333 0.1333
v 0.019296 0.416372 0.068176 0.1333 0.1333 0.1333
v -0.088706 0.599355 -0.124832 0.1333 0.1333 0.1333
v -0.138724 0.599355 -0.124832 0.1333 0.1333 0.1333
v -0.138724 0.578359 -0.124832 0.1333 0.1333 0.1333
v -0.187705 0.599355 -0.124832 0.1333 0.1333 0.1333
v -0.103721 0.613363 -0.124832 0.1333 0.1333 0.1333
v -0.173728 0.613363 -0.124832 0.1333 0.1333 0.1333
v -0.068717 0.648367 -0.124832 0.1333 0.1333 0.1333
v -0.187705 0.648367 -0.124832 0.1333 0.1333 0.1333
v -0.088706 0.648367 -0.124832 0.1333 0.1333 0.1333
v -0.208701 0.648367 -0.124832 0.1333 0.1333 0.1333
v -0.103721 0.683370 -0.124832 0.1333 0.1333 0.1333
v -0.173728 0.683370 -0.124832 0.1333 0.1333 0.1333
v -0.088706 0.698354 -0.124832 0.1333 0.1333 0.1333
v -0.187705 0.698354 -0.124832 0.1333 0.1333 0.1333
v -0.138724 0.698354 -0.124832 0.1333 0.1333 0.1333
v -0.138724 0.719381 -0.124832 0.1333 0.1333 0.1333
v -0.215720 0.647360 0.105164 0.1333 0.1333 0.1333
v -0.246726 0.707357 0.061172 0.1333 0.1333 0.1333
v -0.246726 0.647360 0.086166 0.1333 0.1333 0.1333
v -0.246726 0.587362 0.061172 0.1333 0.1333 0.1333
v -0.215720 0.721365 0.074173 0.1333 0.1333 0.1333
v -0.215720 0.573354 0.074173 0.1333 0.1333 0.1333
v -0.215720 0.573354 0.074173 0.1333 0.1333 0.1333
v -0.060721 0.573354 0.074173 0.1333 0.1333 0.1333
v -0.060721 0.647360 0.105164 0.1333 0.1333 0.1333
v -0.215720 0.647360 0.105164 0.1333 0.1333 0.1333
v -0.215720 0.721365 0.074173 0.1333 0.1333 0.1333
v -0.060721 0.721365 0.074173 0.1333 0.1333 0.1333
v -0.531699 0.587362 0.061172 0.1333 0.1333 0.1333
v -0.246726 0.587362 0.061172 0.1333 0.1333 0.1333
v -0.246726 0.647360 0.086166 0.1333 0.1333 0.1333
v -0.531699 0.647360 0.086166 0.1333 0.1333 0.1333
v -0.246726 0.707357 0.061172 0.1333 0.1333 0.1333
v -0.531699 0.707357 0.061172 0.1333 0.1333 0.1333
v -0.823722 0.647360 0.164169 0.1333 0.1333 0.1333
v -1.224723 0.531362 0.116165 0.1333 0.1333 0.1333
v -0.823722 0.531362 0.116165 0.1333 0.1333 0.1333
v -1.224723 0.647360 0.164169 0.1333 0.1333 0.1333
v -1.224723 0.763357 0.116165 0.1333 0.1333 0.1333
v -0.823722 0.763357 0.116165 0.1333 0.1333 0.1333
v 0.420297 0.647360 0.125168 0.1333 0.1333 0.1333
v 0.304299 0.707357 0.061172 0.1333 0.1333 0.1333
v 0.304299 0.647360 0.086166 0.1333 0.1333 0.1333
v -0.029716 0.647360 0.086166 0.1333 0.1333 0.1333
v -0.029716 0.587362 0.061172 0.1333 0.1333 0.1333
v -0.029716 0.707357 0.061172 0.1333 0.1333 0.1333
v 0.304299 0.587362 0.061172 0.1333 0.1333 0.1333
v 0.661294 0.735372 0.089172 0.1333 0.1333 0.1333
v 0.420297 0.559377 0.089172 0.1333 0.1333 0.1333
v 0.661294 0.559377 0.089172 0.1333 0.1333 0.1333
v 0.661294 0.647360 0.125168 0.1333 0.1333 0.1333
v 0.420297 0.735372 0.089172 0.1333 0.1333 0.1333
v -3.421714 0.293356 -0.044830 0.1333 0.1333 0.1333
v -3.421714 0.338369 -0.084824 0.1333 0.1333 0.1333
v -3.421714 0.278372 -0.060837 0.1333 0.1333 0.1333
v -3.421714 0.253378 -0.000824 0.1333 0.1333 0.1333
v -3.421714 0.338369 -0.063828 0.1333 0.1333 0.1333
v -3.421714 0.275381 -0.000824 0.1333 0.1333 0.1333
v -3.421714 0.382375 -0.044830 0.1333 0.1333 0.1333
v -3.421714 0.293356 0.044174 0.1333 0.1333 0.1333
v -3.421714 0.398367 -0.060837 0.1333 0.1333 0.1333
v -3.421714 0.278372 0.059174 0.1333 0.1333 0.1333
v -3.421714 0.422354 -0.000824 0.1333 0.1333 0.1333
v -3.421714 0.338369 0.084167 0.1333 0.1333 0.1333
v -3.421714 0.401357 -0.000824 0.1333 0.1333 0.1333
v -3.421714 0.338369 0.062164 0.1333 0.1333 0.1333
v -3.421714 0.382375 0.044174 0.1333 0.1333 0.1333
v -3.421714 0.398367 0.059174 0.1333 0.1333 0.1333
v -3.300712 0.338369 0.062164 0.1333 0.1333 0.1333
v -3.300712 0.293356 0.044174 0.1333 0.1333 0.1333
v -3.300712 0.382375 0.044174 0.1333 0.1333 0.1333
v -3.300712 0.275381 -0.000824 0.1333 0.1333 0.1333
v -3.300712 0.401357 -0.000824 0.1333 0.1333 0.1333
v -3.300712 0.382375 -0.044830 0.1333 0.1333 0.1333
v -3.300712 0.338369 -0.063828 0.1333 0.1333 0.1333
v -3.300712 0.293356 -0.044830 0.1333 0.1333 0.1333
v -3.262717 0.341360 -0.100830 0.1333 0.1333 0.1333
v -3.262717 0.241354 -0.000824 0.1333 0.1333 0.1333
v -3.262717 0.341360 0.100174 0.1333 0.1333 0.1333
v -3.262717 0.270376 0.070175 0.1333 0.1333 0.1333
v -3.262717 0.270376 -0.071823 0.1333 0.1333 0.1333
v -3.262717 0.441366 -0.000824 0.1333 0.1333 0.1333
v -3.262717 0.412374 -0.071823 0.1333 0.1333 0.1333
v -3.262717 0.412374 0.070175 0.1333 0.1333 0.1333
v -1.224723 0.558370 0.090164 0.1333 0.1333 0.1333
v -1.224723 0.483358 0.000168 0.1333 0.1333 0.1333
v -1.224723 0.531362 0.116165 0.1333 0.1333 0.1333
v -1.224723 0.647360 0.164169 0.1333 0.1333 0.1333
v -1.224723 0.521353 0.000168 0.1333 0.1333 0.1333
v -1.224723 0.647360 0.127167 0.1333 0.1333 0.1333
v -1.224723 0.531362 -0.115829 0.1333 0.1333 0.1333
v -1.224723 0.736379 0.090164 0.1333 0.1333 0.1333
v -1.224723 0.558370 -0.088837 0.1333 0.1333 0.1333
v -1.224723 0.763357 0.116165 0.1333 0.1333 0.1333
v -1.224723 0.647360 -0.163834 0.1333 0.1333 0.1333
v -1.224723 0.773367 0.000168 0.1333 0.1333 0.1333
v -1.224723 0.647360 -0.125824 0.1333 0.1333 0.1333
v -1.224723 0.811361 0.000168 0.1333 0.1333 0.1333
v -1.224723 0.736379 -0.088837 0.1333 0.1333 0.1333
v -1.224723 0.763357 -0.115830 0.1333 0.1333 0.1333
v -0.187705 0.599355 0.125168 0.1333 0.1333 0.1333
v -0.187705 0.599355 0.180176 0.1333 0.1333 0.1333
v -0.208701 0.648367 0.180176 0.1333 0.1333 0.1333
v -0.208701 0.648367 0.125168 0.1333 0.1333 0.1333
v -0.187705 0.698354 0.180176 0.1333 0.1333 0.1333
v -0.187705 0.698354 0.125168 0.1333 0.1333 0.1333
v -0.173728 0.711355 0.035171 0.1333 0.1333 0.1333
v -0.173728 0.773367 0.035171 0.1333 0.1333 0.1333
v -0.187705 0.711355 0.000168 0.1333 0.1333 0.1333
v -0.187705 0.773367 0.000168 0.1333 0.1333 0.1333
v -0.173728 0.711355 -0.034836 0.1333 0.1333 0.1333
v -0.173728 0.773367 -0.034836 0.1333 0.1333 0.1333
v -0.591727 0.250356 -0.000824 0.1333 0.1333 0.1333
v -0.591727 0.444357 -0.000824 0.1333 0.1333 0.1333
v -0.591727 0.347372 -0.097824 0.1333 0.1333 0.1333
v -0.591727 0.416372 -0.068832 0.1333 0.1333 0.1333
v -0.591727 0.278372 -0.068832 0.1333 0.1333 0.1333
v -0.591727 0.416372 0.068176 0.1333 0.1333 0.1333
v -0.591727 0.278372 0.068176 0.1333 0.1333 0.1333
v -0.591727 0.347372 0.096176 0.1333 0.1333 0.1333
v -0.173728 0.613363 0.063171 0.1333 0.1333 0.1333
v -0.173728 0.613363 0.125168 0.1333 0.1333 0.1333
v -0.187705 0.648367 0.063171 0.1333 0.1333 0.1333
v -0.187705 0.648367 0.125168 0.1333 0.1333 0.1333
v -0.173728 0.683370 0.063171 0.1333 0.1333 0.1333
v -0.173728 0.683370 0.125168 0.1333 0.1333 0.1333
v -0.173728 0.683370 -0.124832 0.1333 0.1333 0.1333
v -0.173728 0.683370 -0.061829 0.1333 0.1333 0.1333
v -0.187705 0.648367 -0.061829 0.1333 0.1333 0.1333
v -0.187705 0.648367 -0.124832 0.1333 0.1333 0.1333
v -0.173728 0.613363 -0.061829 0.1333 0.1333 0.1333
v -0.173728 0.613363 -0.124832 0.1333 0.1333 0.1333
v -0.408713 0.744375 0.000168 0.1333 0.1333 0.1333
v -0.408713 0.612356 0.083176 0.1333 0.1333 0.1333
v -0.408713 0.715353 0.069168 0.1333 0.1333 0.1333
v -0.408713 0.647360 0.097168 0.1333 0.1333 0.1333
v -0.408713 0.612356 -0.082825 0.1333 0.1333 0.1333
v -0.408713 0.715353 -0.068832 0.1333 0.1333 0.1333
v -0.408713 0.647360 -0.096832 0.1333 0.1333 0.1333
v -0.408713 0.364370 0.083176 0.1333 0.1333 0.1333
v -0.408713 0.364370 -0.082825 0.1333 0.1333 0.1333
v -0.187705 0.773367 0.050171 0.1333 0.1333 0.1333
v -0.187705 0.828359 0.050171 0.1333 0.1333 0.1333
v -0.208701 0.828359 0.000168 0.1333 0.1333 0.1333
v -0.208701 0.773367 0.000168 0.1333 0.1333 0.1333
v -0.187705 0.828359 -0.048828 0.1333 0.1333 0.1333
v -0.187705 0.773367 -0.048828 0.1333 0.1333 0.1333
v -0.187705 0.698354 -0.179825 0.1333 0.1333 0.1333
v -0.187705 0.698354 -0.124832 0.1333 0.1333 0.1333
v -0.208701 0.648367 -0.179825 0.1333 0.1333 0.1333
v -0.208701 0.648367 -0.124832 0.1333 0.1333 0.1333
v -0.187705 0.599355 -0.179825 0.1333 0.1333 0.1333
v -0.187705 0.599355 -0.124832 0.1333 0.1333 0.1333
v 0.949288 0.338369 0.098175 0.1333 0.1333 0.1333
v 0.949288 0.338369 -0.099823 0.1333 0.1333 0.1333
v 0.949288 0.261373 0.098175 0.1333 0.1333 0.1333
v 0.949288 0.261373 -0.099823 0.1333 0.1333 0.1333
v -0.012717 0.347372 -0.097824 0.1333 0.1333 0.1333
v -0.012717 0.423361 -0.000824 0.1333 0.1333 0.1333
v -0.012717 0.416372 -0.068832 0.1333 0.1333 0.1333
v -0.012717 0.444357 -0.000824 0.1333 0.1333 0.1333
v -0.012717 0.343374 0.084167 0.1333 0.1333 0.1333
v -0.012717 0.397360 0.062164 0.1333 0.1333 0.1333
v 0.028298 0.612356 -0.082825 0.1333 0.1333 0.1333
v 0.028298 0.364370 -0.082825 0.1333 0.1333 0.1333
v 0.028298 0.364370 0.083176 0.1333 0.1333 0.1333
v 0.028298 0.612356 0.083176 0.1333 0.1333 0.1333
v 0.028298 0.715353 -0.068832 0.1333 0.1333 0.1333
v 0.028298 0.647360 -0.096832 0.1333 0.1333 0.1333
v 0.028298 0.744375 0.000168 0.1333 0.1333 0.1333
v 0.028298 0.715353 0.069168 0.1333 0.1333 0.1333
v 0.028298 0.647360 0.097168 0.1333 0.1333 0.1333
v 1.743295 0.326376 -0.136826 0.1333 0.1333 0.1333
v 1.743295 -0.266642 -0.136826 0.1333 0.1333 0.1333
v 1.743295 -0.266642 0.136169 0.1333 0.1333 0.1333
v 1.743295 0.326376 0.136169 0.1333 0.1333 0.1333
v -3.300712 0.382375 0.044174 0.1333 0.1333 0.1333
v -3.421714 0.382375 0.044174 0.1333 0.1333 0.1333
v -3.300712 0.401357 -0.000824 0.1333 0.1333 0.1333
v -3.421714 0.401357 -0.000824 0.1333 0.1333 0.1333
v -3.300712 0.382375 -0.044830 0.1333 0.1333 0.1333
v -3.421714 0.382375 -0.044830 0.1333 0.1333 0.1333
v 1.850289 -0.266642 -0.136826 0.1333 0.1333 0.1333
v 1.850289 -0.266642 0.136169 0.1333 0.1333 0.1333
v 1.743295 -0.266642 -0.136826 0.1333 0.1333 0.1333
v 1.743295 -0.266642 0.136169 0.1333 0.1333 0.1333
v 1.925302 -0.298624 0.136169 0.1333 0.1333 0.1333
v 1.925302 -0.298624 -0.136826 0.1333 0.1333 0.1333
v 1.957284 -0.298624 -0.136826 0.1333 0.1333 0.1333
v 1.957284 -0.298624 0.136169 0.1333 0.1333 0.1333
v -0.029716 0.587362 0.061172 0.1333 0.1333 0.1333
v -0.060721 0.573354 0.074173 0.1333 0.1333 0.1333
v -0.060721 0.542379 0.000168 0.1333 0.1333 0.1333
v -0.029716 0.562368 0.000168 0.1333 0.1333 0.1333
v -0.029716 0.587362 -0.059830 0.1333 0.1333 0.1333
v -0.060721 0.573354 -0.073837 0.1333 0.1333 0.1333
v -0.187705 0.599355 0.125168 0.1333 0.1333 0.1333
v -0.138724 0.578359 0.125168 0.1333 0.1333 0.1333
v -0.187705 0.599355 0.180176 0.1333 0.1333 0.1333
v -0.138724 0.578359 0.180176 0.1333 0.1333 0.1333
v -0.088706 0.599355 0.125168 0.1333 0.1333 0.1333
v -0.088706 0.599355 0.180176 0.1333 0.1333 0.1333
v -3.421714 0.278372 0.059174 0.1333 0.1333 0.1333
v -0.587699 0.278372 0.059174 0.1333 0.1333 0.1333
v -3.421714 0.253378 -0.000824 0.1333 0.1333 0.1333
v -0.587699 0.253378 -0.000824 0.1333 0.1333 0.1333
v -3.421714 0.278372 -0.060837 0.1333 0.1333 0.1333
v -0.587699 0.278372 -0.060837 0.1333 0.1333 0.1333
v -0.271720 0.423361 -0.000824 0.1333 0.1333 0.1333
v -0.012717 0.423361 -0.000824 0.1333 0.1333 0.1333
v -0.012717 0.397360 0.062164 0.1333 0.1333 0.1333
v -0.271720 0.397360 0.062164 0.1333 0.1333 0.1333
v 0.627297 0.714376 -0.066834 0.1333 0.1333 0.1333
v 0.661294 0.714376 -0.066834 0.1333 0.1333 0.1333
v 0.627297 0.742361 0.000168 0.1333 0.1333 0.1333
v 0.661294 0.714376 0.067169 0.1333 0.1333 0.1333
v 0.661294 0.742361 0.000168 0.1333 0.1333 0.1333
v 0.627297 0.714376 0.067169 0.1333 0.1333 0.1333
v -0.138724 0.599355 0.063171 0.1333 0.1333 0.1333
v -0.138724 0.599355 0.125168 0.1333 0.1333 0.1333
v -0.173728 0.613363 0.063171 0.1333 0.1333 0.1333
v -0.173728 0.613363 0.125168 0.1333 0.1333 0.1333
v -0.103721 0.613363 0.125168 0.1333 0.1333 0.1333
v -0.103721 0.613363 0.063171 0.1333 0.1333 0.1333
v -3.262717 0.270376 0.070175 0.1333 0.1333 0.1333
v -3.108726 0.270376 0.070175 0.1333 0.1333 0.1333
v -3.262717 0.241354 -0.000824 0.1333 0.1333 0.1333
v -3.108726 0.241354 -0.000824 0.1333 0.1333 0.1333
v -3.262717 0.270376 -0.071823 0.1333 0.1333 0.1333
v -3.108726 0.270376 -0.071823 0.1333 0.1333 0.1333
v -1.158713 0.736379 0.090164 0.1333 0.1333 0.1333
v -1.224723 0.736379 -0.088837 0.1333 0.1333 0.1333
v -1.224723 0.736379 0.090164 0.1333 0.1333 0.1333
v -1.158713 0.736379 -0.088837 0.1333 0.1333 0.1333
v -1.158713 0.773367 0.000168 0.1333 0.1333 0.1333
v -1.224723 0.773367 0.000168 0.1333 0.1333 0.1333
v -0.173728 0.613363 -0.061829 0.1333 0.1333 0.1333
v -0.173728 0.613363 -0.124832 0.1333 0.1333 0.1333
v -0.138724 0.599355 -0.061829 0.1333 0.1333 0.1333
v -0.103721 0.613363 -0.124832 0.1333 0.1333 0.1333
v -0.138724 0.599355 -0.124832 0.1333 0.1333 0.1333
v -0.103721 0.613363 -0.061829 0.1333 0.1333 0.1333
v -0.187705 0.599355 -0.179825 0.1333 0.1333 0.1333
v -0.088706 0.599355 -0.124832 0.1333 0.1333 0.1333
v -0.187705 0.599355 -0.124832 0.1333 0.1333 0.1333
v -0.088706 0.599355 -0.179825 0.1333 0.1333 0.1333
v -0.138724 0.578359 -0.179825 0.1333 0.1333 0.1333
v -0.138724 0.578359 -0.124832 0.1333 0.1333 0.1333
v 0.019296 0.278372 0.068176 0.1333 0.1333 0.1333
v 0.340280 0.278372 0.068176 0.1333 0.1333 0.1333
v 0.019296 0.250356 -0.000824 0.1333 0.1333 0.1333
v 0.340280 0.250356 -0.000824 0.1333 0.1333 0.1333
v 0.019296 0.278372 -0.068832 0.1333 0.1333 0.1333
v 0.340280 0.278372 -0.068832 0.1333 0.1333 0.1333
v -0.303702 0.278372 -0.068832 0.1333 0.1333 0.1333
v -0.591727 0.278372 -0.068832 0.1333 0.1333 0.1333
v -0.303702 0.250356 -0.000824 0.1333 0.1333 0.1333
v -0.591727 0.250356 -0.000824 0.1333 0.1333 0.1333
v -0.591727 0.278372 0.068176 0.1333 0.1333 0.1333
v -0.303702 0.278372 0.068176 0.1333 0.1333 0.1333
v -0.246726 0.587362 0.061172 0.1333 0.1333 0.1333
v -0.215720 0.573354 0.074173 0.1333 0.1333 0.1333
v -0.215720 0.542379 0.000168 0.1333 0.1333 0.1333
v -0.246726 0.562368 0.000168 0.1333 0.1333 0.1333
v -0.246726 0.587362 -0.059830 0.1333 0.1333 0.1333
v -0.215720 0.573354 -0.073837 0.1333 0.1333 0.1333
v -0.088706 0.773367 -0.048828 0.1333 0.1333 0.1333
v -0.138724 0.773367 -0.048828 0.1333 0.1333 0.1333
v -0.138724 0.773367 -0.069824 0.1333 0.1333 0.1333
v -0.103721 0.773367 -0.034836 0.1333 0.1333 0.1333
v -0.173728 0.773367 -0.034836 0.1333 0.1333 0.1333
v -0.068717 0.773367 0.000168 0.1333 0.1333 0.1333
v -0.187705 0.773367 -0.048828 0.1333 0.1333 0.1333
v -0.088706 0.773367 0.000168 0.1333 0.1333 0.1333
v -0.208701 0.773367 0.000168 0.1333 0.1333 0.1333
v -0.103721 0.773367 0.035171 0.1333 0.1333 0.1333
v -0.187705 0.773367 0.000168 0.1333 0.1333 0.1333
v -0.088706 0.773367 0.050171 0.1333 0.1333 0.1333
v -0.187705 0.773367 0.050171 0.1333 0.1333 0.1333
v -0.138724 0.773367 0.050171 0.1333 0.1333 0.1333
v -0.173728 0.773367 0.035171 0.1333 0.1333 0.1333
v -0.138724 0.773367 0.070175 0.1333 0.1333 0.1333
v -0.215720 0.573354 0.074173 0.1333 0.1333 0.1333
v -0.060721 0.573354 0.074173 0.1333 0.1333 0.1333
v -0.215720 0.542379 0.000168 0.1333 0.1333 0.1333
v -0.060721 0.542379 0.000168 0.1333 0.1333 0.1333
v -0.215720 0.573354 -0.073837 0.1333 0.1333 0.1333
v -0.060721 0.573354 -0.073837 0.1333 0.1333 0.1333
v -0.531699 0.587362 0.061172 0.1333 0.1333 0.1333
v -0.246726 0.587362 0.061172 0.1333 0.1333 0.1333
v -0.531699 0.562368 0.000168 0.1333 0.1333 0.1333
v -0.246726 0.562368 0.000168 0.1333 0.1333 0.1333
v -0.823722 0.483358 0.000168 0.1333 0.1333 0.1333
v -0.531699 0.587362 -0.059830 0.1333 0.1333 0.1333
v -0.246726 0.587362 -0.059830 0.1333 0.1333 0.1333
v -0.823722 0.531362 -0.115829 0.1333 0.1333 0.1333
v -1.224723 0.531362 -0.115829 0.1333 0.1333 0.1333
v -1.224723 0.483358 0.000168 0.1333 0.1333 0.1333
v -1.224723 0.531362 0.116165 0.1333 0.1333 0.1333
v -0.823722 0.531362 0.116165 0.1333 0.1333 0.1333
v -0.029716 0.587362 0.061172 0.1333 0.1333 0.1333
v 0.304299 0.587362 0.061172 0.1333 0.1333 0.1333
v -0.029716 0.562368 0.000168 0.1333 0.1333 0.1333
v 0.304299 0.562368 0.000168 0.1333 0.1333 0.1333
v -0.029716 0.587362 -0.059830 0.1333 0.1333 0.1333
v 0.304299 0.587362 -0.059830 0.1333 0.1333 0.1333
v 0.420297 0.522360 0.000168 0.1333 0.1333 0.1333
v 0.420297 0.559377 -0.087830 0.1333 0.1333 0.1333
v 0.661294 0.559377 -0.087830 0.1333 0.1333 0.1333
v 0.661294 0.522360 0.000168 0.1333 0.1333 0.1333
v 0.420297 0.559377 0.089172 0.1333 0.1333 0.1333
v 0.661294 0.559377 0.089172 0.1333 0.1333 0.1333
v -3.300712 0.338369 0.062164 0.1333 0.1333 0.1333
v -3.421714 0.293356 0.044174 0.1333 0.1333 0.1333
v -3.421714 0.338369 0.062164 0.1333 0.1333 0.1333
v -3.300712 0.293356 0.044174 0.1333 0.1333 0.1333
v -3.300712 0.382375 0.044174 0.1333 0.1333 0.1333
v -3.421714 0.382375 0.044174 0.1333 0.1333 0.1333
v -0.029716 0.587362 -0.059830 0.1333 0.1333 0.1333
v -0.060721 0.573354 -0.073837 0.1333 0.1333 0.1333
v -0.060721 0.647360 -0.103836 0.1333 0.1333 0.1333
v -0.029716 0.647360 -0.084824 0.1333 0.1333 0.1333
v -0.029716 0.707357 -0.059830 0.1333 0.1333 0.1333
v -0.060721 0.721365 -0.073837 0.1333 0.1333 0.1333
v -0.173728 0.711355 -0.034836 0.1333 0.1333 0.1333
v -0.173728 0.773367 -0.034836 0.1333 0.1333 0.1333
v -0.103721 0.773367 -0.034836 0.1333 0.1333 0.1333
v -0.138724 0.711355 -0.048828 0.1333 0.1333 0.1333
v -0.103721 0.711355 -0.034836 0.1333 0.1333 0.1333
v -0.138724 0.773367 -0.048828 0.1333 0.1333 0.1333
v -0.088706 0.599355 -0.179825 0.1333 0.1333 0.1333
v -0.138724 0.719381 -0.179825 0.1333 0.1333 0.1333
v -0.088706 0.698354 -0.179825 0.1333 0.1333 0.1333
v -0.068717 0.648367 -0.179825 0.1333 0.1333 0.1333
v -0.208701 0.648367 -0.179825 0.1333 0.1333 0.1333
v -0.187705 0.698354 -0.179825 0.1333 0.1333 0.1333
v -0.187705 0.599355 -0.179825 0.1333 0.1333 0.1333
v -0.138724 0.578359 -0.179825 0.1333 0.1333 0.1333
v -3.421714 0.278372 -0.060837 0.1333 0.1333 0.1333
v -0.587699 0.278372 -0.060837 0.1333 0.1333 0.1333
v -3.421714 0.338369 -0.084824 0.1333 0.1333 0.1333
v -0.587699 0.338369 -0.084824 0.1333 0.1333 0.1333
v -0.587699 0.398367 -0.060837 0.1333 0.1333 0.1333
v -3.421714 0.398367 -0.060837 0.1333 0.1333 0.1333
v 1.957284 0.326376 -0.136826 0.1333 0.1333 0.1333
v 1.850289 -0.266642 -0.136826 0.1333 0.1333 0.1333
v 1.743295 0.326376 -0.136826 0.1333 0.1333 0.1333
v 1.743295 -0.266642 -0.136826 0.1333 0.1333 0.1333
v 1.957284 -0.298624 -0.136826 0.1333 0.1333 0.1333
v 1.925302 -0.298624 -0.136826 0.1333 0.1333 0.1333
v 1.016274 0.393362 -0.099823 0.1333 0.1333 0.1333
v 0.949288 0.261373 -0.099823 0.1333 0.1333 0.1333
v 0.949288 0.338369 -0.099823 0.1333 0.1333 0.1333
v 1.629281 0.393362 -0.099823 0.1333 0.1333 0.1333
v 1.696298 0.261373 -0.099823 0.1333 0.1333 0.1333
v 1.696298 0.338369 -0.099823 0.1333 0.1333 0.1333
v -0.012717 0.397360 0.062164 0.1333 0.1333 0.1333
v -0.271720 0.397360 0.062164 0.1333 0.1333 0.1333
v -0.012717 0.343374 0.084167 0.1333 0.1333 0.1333
v -0.271720 0.343374 0.084167 0.1333 0.1333 0.1333
v 0.661294 0.580374 0.067169 0.1333 0.1333 0.1333
v 0.627297 0.580374 0.067169 0.1333 0.1333 0.1333
v 0.661294 0.647360 0.095169 0.1333 0.1333 0.1333
v 0.627297 0.647360 0.095169 0.1333 0.1333 0.1333
v 0.661294 0.714376 0.067169 0.1333 0.1333 0.1333
v 0.627297 0.714376 0.067169 0.1333 0.1333 0.1333
v 0.028298 0.647360 -0.096832 0.1333 0.1333 0.1333
v 0.125283 0.647360 -0.096832 0.1333 0.1333 0.1333
v 0.125283 0.612356 -0.082825 0.1333 0.1333 0.1333
v 0.028298 0.715353 -0.068832 0.1333 0.1333 0.1333
v 0.028298 0.612356 -0.082825 0.1333 0.1333 0.1333
v 0.125283 0.364370 -0.082825 0.1333 0.1333 0.1333
v 0.028298 0.364370 -0.082825 0.1333 0.1333 0.1333
v 0.125283 0.715353 -0.068832 0.1333 0.1333 0.1333
v -0.408713 0.647360 -0.096832 0.1333 0.1333 0.1333
v -0.311698 0.647360 -0.096832 0.1333 0.1333 0.1333
v -0.311698 0.612356 -0.082825 0.1333 0.1333 0.1333
v -0.408713 0.715353 -0.068832 0.1333 0.1333 0.1333
v -0.408713 0.612356 -0.082825 0.1333 0.1333 0.1333
v -0.311698 0.364370 -0.082825 0.1333 0.1333 0.1333
v -0.408713 0.364370 -0.082825 0.1333 0.1333 0.1333
v -0.311698 0.715353 -0.068832 0.1333 0.1333 0.1333
v -3.262717 0.270376 -0.071823 0.1333 0.1333 0.1333
v -3.108726 0.270376 -0.071823 0.1333 0.1333 0.1333
v -3.262717 0.341360 -0.100830 0.1333 0.1333 0.1333
v -3.108726 0.341360 -0.100830 0.1333 0.1333 0.1333
v -3.108726 0.412374 -0.071823 0.1333 0.1333 0.1333
v -3.262717 0.412374 -0.071823 0.1333 0.1333 0.1333
v -1.158713 0.558370 0.090164 0.1333 0.1333 0.1333
v -1.224723 0.558370 0.090164 0.1333 0.1333 0.1333
v -1.158713 0.647360 0.127167 0.1333 0.1333 0.1333
v -1.224723 0.647360 0.127167 0.1333 0.1333 0.1333
v -1.158713 0.736379 0.090164 0.1333 0.1333 0.1333
v -1.224723 0.736379 0.090164 0.1333 0.1333 0.1333
v -0.271720 0.444357 -0.000824 0.1333 0.1333 0.1333
v -0.012717 0.444357 -0.000824 0.1333 0.1333 0.1333
v -0.012717 0.423361 -0.000824 0.1333 0.1333 0.1333
v -0.271720 0.423361 -0.000824 0.1333 0.1333 0.1333
v -0.187705 0.828359 -0.048828 0.1333 0.1333 0.1333
v -0.187705 0.773367 -0.048828 0.1333 0.1333 0.1333
v -0.138724 0.828359 -0.069824 0.1333 0.1333 0.1333
v -0.088706 0.773367 -0.048828 0.1333 0.1333 0.1333
v -0.138724 0.773367 -0.069824 0.1333 0.1333 0.1333
v -0.088706 0.828359 -0.048828 0.1333 0.1333 0.1333
v 0.019296 0.278372 -0.068832 0.1333 0.1333 0.1333
v 0.340280 0.278372 -0.068832 0.1333 0.1333 0.1333
v 0.340280 0.347372 -0.097824 0.1333 0.1333 0.1333
v -0.012717 0.347372 -0.097824 0.1333 0.1333 0.1333
v -0.012717 0.416372 -0.068832 0.1333 0.1333 0.1333
v -0.271720 0.347372 -0.097824 0.1333 0.1333 0.1333
v 0.340280 0.416372 -0.068832 0.1333 0.1333 0.1333
v -0.303702 0.278372 -0.068832 0.1333 0.1333 0.1333
v -0.591727 0.347372 -0.097824 0.1333 0.1333 0.1333
v -0.271720 0.416372 -0.068832 0.1333 0.1333 0.1333
v -0.591727 0.278372 -0.068832 0.1333 0.1333 0.1333
v -0.591727 0.416372 -0.068832 0.1333 0.1333 0.1333
v -0.088706 0.698354 0.125168 0.1333 0.1333 0.1333
v -0.138724 0.698354 0.125168 0.1333 0.1333 0.1333
v -0.138724 0.719381 0.125168 0.1333 0.1333 0.1333
v -0.103721 0.683370 0.125168 0.1333 0.1333 0.1333
v -0.173728 0.683370 0.125168 0.1333 0.1333 0.1333
v -0.068717 0.648367 0.125168 0.1333 0.1333 0.1333
v -0.187705 0.698354 0.125168 0.1333 0.1333 0.1333
v -0.088706 0.648367 0.125168 0.1333 0.1333 0.1333
v -0.208701 0.648367 0.125168 0.1333 0.1333 0.1333
v -0.103721 0.613363 0.125168 0.1333 0.1333 0.1333
v -0.187705 0.648367 0.125168 0.1333 0.1333 0.1333
v -0.088706 0.599355 0.125168 0.1333 0.1333 0.1333
v -0.187705 0.599355 0.125168 0.1333 0.1333 0.1333
v -0.138724 0.599355 0.125168 0.1333 0.1333 0.1333
v -0.173728 0.613363 0.125168 0.1333 0.1333 0.1333
v -0.138724 0.578359 0.125168 0.1333 0.1333 0.1333
v -0.246726 0.707357 -0.059830 0.1333 0.1333 0.1333
v -0.246726 0.587362 -0.059830 0.1333 0.1333 0.1333
v -0.215720 0.721365 -0.073837 0.1333 0.1333 0.1333
v -0.215720 0.573354 -0.073837 0.1333 0.1333 0.1333
v -0.215720 0.647360 -0.103836 0.1333 0.1333 0.1333
v -0.246726 0.647360 -0.084824 0.1333 0.1333 0.1333
v -0.215720 0.573354 -0.073837 0.1333 0.1333 0.1333
v -0.060721 0.573354 -0.073837 0.1333 0.1333 0.1333
v -0.215720 0.647360 -0.103836 0.1333 0.1333 0.1333
v -0.060721 0.647360 -0.103836 0.1333 0.1333 0.1333
v -0.060721 0.721365 -0.073837 0.1333 0.1333 0.1333
v -0.215720 0.721365 -0.073837 0.1333 0.1333 0.1333
v -0.531699 0.587362 -0.059830 0.1333 0.1333 0.1333
v -0.246726 0.587362 -0.059830 0.1333 0.1333 0.1333
v -0.246726 0.647360 -0.084824 0.1333 0.1333 0.1333
v -0.246726 0.707357 -0.059830 0.1333 0.1333 0.1333
v -0.531699 0.647360 -0.084824 0.1333 0.1333 0.1333
v -0.531699 0.707357 -0.059830 0.1333 0.1333 0.1333
v -0.823722 0.647360 -0.163834 0.1333 0.1333 0.1333
v -0.823722 0.531362 -0.115829 0.1333 0.1333 0.1333
v -1.224723 0.531362 -0.115829 0.1333 0.1333 0.1333
v -1.224723 0.647360 -0.163834 0.1333 0.1333 0.1333
v -0.823722 0.763357 -0.115830 0.1333 0.1333 0.1333
v -1.224723 0.763357 -0.115830 0.1333 0.1333 0.1333
v 0.304299 0.707357 -0.059830 0.1333 0.1333 0.1333
v -0.029716 0.707357 -0.059830 0.1333 0.1333 0.1333
v -0.029716 0.587362 -0.059830 0.1333 0.1333 0.1333
v 0.304299 0.587362 -0.059830 0.1333 0.1333 0.1333
v -0.029716 0.647360 -0.084824 0.1333 0.1333 0.1333
v 0.304299 0.647360 -0.084824 0.1333 0.1333 0.1333
v 0.420297 0.647360 -0.124832 0.1333 0.1333 0.1333
v 0.420297 0.559377 -0.087830 0.1333 0.1333 0.1333
v 0.420297 0.735372 -0.087830 0.1333 0.1333 0.1333
v 0.661294 0.647360 -0.124832 0.1333 0.1333 0.1333
v 0.661294 0.559377 -0.087830 0.1333 0.1333 0.1333
v 0.661294 0.735372 -0.087830 0.1333 0.1333 0.1333
vn 0.3067 0.0003 -0.9518
vn 0.4420 0.6873 -0.5764
vn 0.7300 0.5026 -0.4632
vn 0.7301 0.5030 -0.4625
vn 0.3692 0.9294 0.0001
vn 0.7184 0.6957 0.0001
vn 0.7297 0.5036 0.4626
vn 0.4419 0.6872 0.5766
vn 0.3065 0.0001 0.9519
vn 0.7298 0.5025 0.4634
vn 0.3065 -0.0004 0.9519
vn 0.4417 -0.6875 0.5764
vn 0.7298 -0.5028 0.4634
vn 0.7297 -0.5034 0.4627
vn 0.3691 -0.9294 -0.0000
vn 0.7183 -0.6957 -0.0000
vn 0.7299 -0.5031 -0.4627
vn 0.4421 -0.6874 -0.5761
vn 0.3071 -0.0004 -0.9517
vn 0.7300 -0.5028 -0.4628
vn 0.4995 0.8663 -0.0000
vn 0.9895 0.1446 -0.0000
vn 0.5000 0.8660 -0.0000
vn 0.9895 0.1447 -0.0000
vn 0.7090 -0.7052 -0.0000
vn 0.7086 -0.7056 -0.0000
vn -0.2053 0.9787 -0.0000
vn -0.4422 0.6872 0.5764
vn -0.2052 0.7735 0.5996
vn -0.3700 0.9290 -0.0000
vn -0.7300 0.5027 0.4631
vn -0.4423 0.6871 -0.5765
vn -0.7300 0.5025 -0.4632
vn -0.2053 0.7736 -0.5995
vn 0.4423 0.6870 -0.5765
vn 0.2053 0.9787 0.0001
vn 0.3700 0.9290 0.0001
vn 0.2054 0.7735 -0.5996
vn 0.7301 0.5023 -0.4632
vn 0.4422 0.6871 0.5765
vn 0.7300 0.5028 0.4630
vn 0.2053 0.7734 0.5997
vn -0.0000 0.8768 0.4808
vn -0.0000 0.7099 0.7043
vn -0.0000 0.7097 0.7045
vn -0.0000 0.8934 0.4493
vn -0.0000 1.0000 0.0011
vn -0.0000 0.8935 -0.4490
vn -0.0000 0.8771 -0.4804
vn -0.0000 0.7089 -0.7053
vn -0.0000 0.7085 -0.7057
vn -0.0000 0.7116 -0.7026
vn -0.0000 0.8765 -0.4815
vn -0.0000 0.8930 -0.4501
vn -0.0000 1.0000 0.0006
vn -0.0000 1.0000 0.0004
vn -0.0000 0.8930 0.4501
vn -0.0000 0.8765 0.4814
vn -0.0000 0.7122 0.7020
vn -0.0000 0.7124 0.7018
vn -0.7122 0.7020 -0.0000
vn -0.0941 0.9956 -0.0000
vn -0.7123 0.7019 -0.0000
vn 0.4963 0.8682 -0.0000
vn 0.4962 0.8682 -0.0000
vn 0.0238 0.5358 0.8440
vn -0.2359 0.6295 0.7403
vn -0.3069 0.5980 0.7404
vn 0.1025 0.6634 0.7412
vn -0.1501 0.5141 0.8445
vn 0.1496 0.6550 0.7406
vn 0.1024 0.5288 0.8425
vn -0.1498 0.6551 0.7405
vn -0.2125 0.6387 0.7396
vn 0.1257 0.6616 0.7392
vn -0.1265 0.5215 0.8438
vn 0.1809 0.6471 0.7406
vn 0.0549 0.6706 0.7398
vn -0.1977 0.4985 0.8440
vn 0.0860 0.6692 0.7381
vn 0.1102 0.5215 0.8461
vn -0.1425 0.6548 0.7422
vn -0.2056 0.6385 0.7417
vn 0.1104 0.5231 0.8451
vn -0.1417 0.6606 0.7373
vn -0.1966 0.6456 0.7379
vn 0.1730 0.6522 0.7380
vn -0.0788 0.5295 0.8447
vn 0.2437 0.6289 0.7383
vn 0.0871 0.5284 0.8445
vn -0.1648 0.6526 0.7395
vn -0.2284 0.6308 0.7416
vn 0.1813 0.6468 0.7408
vn -0.0711 0.5298 0.8451
vn 0.2447 0.6242 0.7420
vn 0.0631 0.6698 0.7398
vn -0.1897 0.4988 0.8457
vn 0.0864 0.6686 0.7385
vn 0.0940 0.6673 0.7388
vn -0.1656 0.5114 0.8432
vn 0.1335 0.6599 0.7394
vn 0.1498 0.6545 0.7411
vn -0.1024 0.5280 0.8430
vn 0.2126 0.6379 0.7402
vn 0.2052 0.4969 0.8432
vn -0.0474 0.6701 0.7408
vn -0.0710 0.6692 0.7397
vn -0.2986 0.4548 0.8391
vn 0.2840 0.4568 0.8430
vn 0.0396 0.6703 0.7410
vn 0.0553 0.6698 0.7405
vn -0.2134 0.4902 0.8451
vn -0.0157 0.5412 0.8408
vn -0.2754 0.6133 0.7403
vn -0.3537 0.5730 0.7393
vn -0.2684 0.6146 -0.7417
vn -0.0161 0.5413 -0.8407
vn -0.3540 0.5730 -0.7391
vn 0.1415 0.6603 -0.7375
vn 0.1965 0.6453 -0.7382
vn -0.1105 0.5227 -0.8453
vn 0.1257 0.6607 -0.7400
vn 0.1812 0.6461 -0.7414
vn -0.1263 0.5203 -0.8446
vn -0.0549 0.6691 -0.7411
vn 0.1975 0.4966 -0.8452
vn -0.0864 0.6676 -0.7395
vn -0.0632 0.6698 -0.7399
vn 0.1897 0.4987 -0.8458
vn -0.0866 0.6686 -0.7386
vn 0.1418 0.6555 -0.7417
vn 0.2048 0.6393 -0.7412
vn -0.1109 0.5221 -0.8456
vn -0.1494 0.6534 -0.7421
vn 0.1026 0.5265 -0.8439
vn -0.2125 0.6367 -0.7413
vn -0.0001 0.6709 -0.7415
vn -0.2527 0.4734 -0.8438
vn 0.2526 0.4735 -0.8438
vn 0.3069 0.5987 -0.7398
vn -0.0237 0.5366 -0.8435
vn 0.2361 0.6301 -0.7398
vn -0.1813 0.6465 -0.7411
vn 0.0711 0.5294 -0.8454
vn -0.2447 0.6238 -0.7423
vn -0.2835 0.4583 -0.8424
vn -0.0396 0.6713 -0.7401
vn -0.0553 0.6709 -0.7394
vn 0.2129 0.4918 -0.8443
vn -0.1337 0.6589 -0.7402
vn 0.1260 0.5190 -0.8454
vn -0.1817 0.6449 -0.7424
vn 0.1650 0.6512 -0.7408
vn 0.2290 0.6291 -0.7428
vn -0.0867 0.5267 -0.8456
vn 0.0471 0.6702 -0.7407
vn 0.0706 0.6693 -0.7397
vn -0.2055 0.4965 -0.8434
vn 0.2982 0.4554 -0.8389
vn 0.0630 0.6689 -0.7407
vn 0.0866 0.6677 -0.7394
vn -0.1972 0.4968 -0.8452
vn 0.0239 0.6701 -0.7419
vn 0.0318 0.6700 -0.7417
vn -0.2289 0.4802 -0.8467
vn 0.2758 0.4650 -0.8412
vn -0.2050 -0.0000 0.9788
vn -0.2052 0.7734 0.5998
vn -0.4422 0.6871 0.5765
vn -0.3064 -0.0001 0.9519
vn -0.4422 -0.6871 0.5766
vn -0.2052 -0.7733 0.5999
vn 0.2054 -0.0000 0.9787
vn 0.4423 0.6869 0.5766
vn 0.2052 0.7730 0.6003
vn 0.3071 -0.0000 0.9517
vn 0.4425 -0.6870 0.5764
vn 0.2054 -0.7731 0.6001
vn 0.2361 -0.6297 0.7401
vn 0.4340 -0.3708 0.8211
vn 0.3068 -0.5983 0.7402
vn 0.4185 -0.2053 0.8847
vn -0.0787 -0.4802 0.8736
vn 0.2362 -0.6299 0.7399
vn -0.0237 -0.5364 0.8436
vn 0.3217 0.0943 0.9421
vn -0.3219 -0.0942 0.9421
vn 0.2683 0.2131 0.9395
vn -0.2685 -0.2131 0.9394
vn 0.0787 0.4803 0.8736
vn -0.4187 0.2053 0.8846
vn 0.0236 0.5365 0.8436
vn -0.4341 0.3709 0.8210
vn -0.2361 0.6301 0.7397
vn -0.2362 0.6297 0.7400
vn -0.3069 0.5987 0.7398
vn 0.1502 -0.5133 0.8450
vn -0.1103 -0.6620 0.7414
vn 0.1659 -0.4814 0.8606
vn 0.3302 -0.0393 0.9431
vn -0.3456 -0.4322 0.8329
vn -0.1104 -0.6624 0.7410
vn -0.1501 -0.6545 0.7410
vn 0.3139 -0.1178 0.9421
vn -0.3549 -0.3472 0.8680
vn 0.3549 0.3471 0.8681
vn -0.3299 0.0393 0.9432
vn 0.3457 0.4323 0.8328
vn -0.3140 0.1178 0.9421
vn 0.1026 0.6629 0.7416
vn -0.1657 0.4816 0.8606
vn 0.1502 0.6545 0.7410
vn -0.1498 0.5132 0.8451
vn 0.1025 0.6629 0.7416
vn 0.1501 -0.6544 0.7411
vn 0.3792 -0.4107 0.8292
vn 0.2131 -0.6380 0.7400
vn 0.3863 -0.2915 0.8751
vn -0.1334 -0.4867 0.8633
vn 0.1498 -0.6545 0.7411
vn -0.1023 -0.5278 0.8432
vn 0.3297 0.0629 0.9420
vn -0.3292 -0.0629 0.9422
vn 0.2982 0.1571 0.9415
vn -0.2983 -0.1569 0.9415
vn 0.1335 0.4866 0.8634
vn -0.3863 0.2917 0.8750
vn 0.1024 0.5278 0.8432
vn -0.3789 0.4105 0.8294
vn -0.1498 0.6542 0.7413
vn -0.1497 0.6545 0.7411
vn -0.2126 0.6381 0.7400
vn 0.1263 -0.5202 0.8447
vn -0.1259 -0.6601 0.7405
vn 0.1494 -0.4793 0.8649
vn 0.3299 -0.0470 0.9428
vn -0.3617 -0.4167 0.8340
vn -0.1258 -0.6605 0.7402
vn -0.1811 -0.6462 0.7414
vn 0.3064 -0.1337 0.9425
vn -0.3693 -0.3217 0.8719
vn 0.3692 0.3220 0.8718
vn -0.3300 0.0471 0.9428
vn 0.3618 0.4172 0.8337
vn -0.3065 0.1336 0.9425
vn 0.1258 0.6611 0.7397
vn -0.1493 0.4793 0.8648
vn 0.1806 0.6464 0.7413
vn -0.1260 0.5208 0.8443
vn 0.1259 0.6610 0.7397
vn 0.1973 -0.4975 0.8448
vn -0.0551 -0.6705 0.7399
vn 0.2129 -0.4653 0.8592
vn 0.3301 -0.0233 0.9437
vn -0.3061 -0.4475 0.8402
vn -0.0552 -0.6697 0.7406
vn -0.0868 -0.6682 0.7389
vn 0.3298 -0.0630 0.9420
vn -0.3142 -0.3926 0.8644
vn 0.3142 0.3929 0.8643
vn -0.3301 0.0235 0.9437
vn 0.3061 0.4477 0.8402
vn -0.3297 0.0630 0.9420
vn 0.0552 0.6697 0.7406
vn -0.2128 0.4652 0.8593
vn 0.0863 0.6682 0.7390
vn -0.1972 0.4974 0.8448
vn 0.0551 0.6701 0.7402
vn 0.1421 -0.6553 0.7418
vn 0.3766 -0.4082 0.8316
vn 0.2046 -0.6388 0.7417
vn 0.3779 -0.3069 0.8735
vn -0.1341 -0.4807 0.8666
vn 0.1420 -0.6555 0.7417
vn -0.1106 -0.5219 0.8458
vn 0.3297 0.0551 0.9425
vn -0.3298 -0.0549 0.9424
vn 0.2987 0.1493 0.9426
vn -0.2986 -0.1493 0.9426
vn 0.1340 0.4806 0.8667
vn -0.3777 0.3069 0.8736
vn 0.1106 0.5217 0.8459
vn -0.3768 0.4080 0.8316
vn -0.1420 0.6550 0.7422
vn -0.1423 0.6551 0.7420
vn -0.2052 0.6388 0.7415
vn 0.1416 -0.6600 0.7378
vn 0.3687 -0.4159 0.8313
vn 0.1972 -0.6455 0.7379
vn 0.3778 -0.3069 0.8736
vn -0.1417 -0.4800 0.8658
vn 0.1412 -0.6593 0.7385
vn -0.1106 -0.5217 0.8459
vn 0.3299 0.0549 0.9424
vn -0.3299 -0.0549 0.9424
vn 0.3057 0.1491 0.9404
vn -0.3059 -0.1489 0.9404
vn 0.1417 0.4800 0.8658
vn -0.3779 0.3069 0.8735
vn 0.1107 0.5212 0.8462
vn -0.3685 0.4156 0.8316
vn -0.1412 0.6590 0.7388
vn -0.1413 0.6591 0.7386
vn -0.1961 0.6438 0.7396
vn 0.0790 -0.5289 0.8450
vn -0.1727 -0.6516 0.7387
vn 0.1185 -0.4814 0.8684
vn 0.3296 -0.0705 0.9415
vn -0.3937 -0.4015 0.8269
vn -0.1726 -0.6518 0.7385
vn -0.2431 -0.6287 0.7387
vn 0.2926 -0.1738 0.9403
vn -0.3927 -0.2669 0.8801
vn 0.3930 0.2672 0.8799
vn -0.3295 0.0707 0.9415
vn 0.3937 0.4017 0.8268
vn -0.2924 0.1740 0.9403
vn 0.1730 0.6516 0.7385
vn -0.1185 0.4815 0.8684
vn 0.2437 0.6279 0.7392
vn -0.0788 0.5289 0.8450
vn 0.1726 0.6516 0.7387
vn 0.1648 -0.6529 0.7393
vn 0.3935 -0.4013 0.8271
vn 0.2287 -0.6319 0.7406
vn 0.3870 -0.2842 0.8772
vn -0.1184 -0.4815 0.8684
vn 0.1651 -0.6526 0.7395
vn -0.0868 -0.5286 0.8444
vn 0.3298 0.0628 0.9420
vn -0.3293 -0.0631 0.9421
vn 0.2929 0.1661 0.9416
vn -0.2927 -0.1663 0.9416
vn 0.1185 0.4814 0.8685
vn -0.3871 0.2842 0.8771
vn 0.0868 0.5284 0.8445
vn -0.3871 0.4026 0.8295
vn -0.1652 0.6527 0.7394
vn -0.2289 0.6309 0.7413
vn 0.0712 -0.5293 0.8454
vn -0.1813 -0.6466 0.7410
vn 0.1106 -0.4820 0.8692
vn 0.3296 -0.0706 0.9415
vn -0.4017 -0.3939 0.8267
vn -0.1815 -0.6466 0.7410
vn -0.2449 -0.6236 0.7424
vn 0.2921 -0.1816 0.9390
vn -0.3928 -0.2671 0.8800
vn 0.3929 0.2671 0.8799
vn -0.3297 0.0707 0.9414
vn 0.4016 0.3937 0.8269
vn -0.2918 0.1814 0.9391
vn 0.1815 0.6461 0.7414
vn -0.1107 0.4818 0.8693
vn 0.2451 0.6227 0.7431
vn -0.0714 0.5293 0.8454
vn 0.1813 0.6461 0.7414
vn 0.1898 -0.4983 0.8459
vn -0.0629 -0.6696 0.7401
vn 0.2054 -0.4659 0.8607
vn 0.3303 -0.0236 0.9436
vn -0.3063 -0.4475 0.8402
vn -0.0631 -0.6692 0.7404
vn -0.0864 -0.6675 0.7396
vn 0.3296 -0.0707 0.9415
vn -0.3152 -0.3861 0.8669
vn 0.3152 0.3859 0.8670
vn -0.3303 0.0237 0.9436
vn 0.3062 0.4475 0.8402
vn -0.3296 0.0709 0.9415
vn 0.0630 0.6693 0.7403
vn -0.2054 0.4660 0.8606
vn 0.0865 0.6683 0.7388
vn -0.1898 0.4978 0.8463
vn 0.0629 0.6692 0.7404
vn 0.1654 -0.5122 0.8428
vn -0.0944 -0.6678 0.7383
vn 0.1811 -0.4803 0.8582
vn 0.3301 -0.0392 0.9431
vn -0.3318 -0.4341 0.8375
vn -0.0946 -0.6667 0.7393
vn -0.1342 -0.6585 0.7405
vn 0.3218 -0.1020 0.9413
vn -0.3461 -0.3621 0.8655
vn 0.3463 0.3617 0.8656
vn -0.3302 0.0391 0.9431
vn 0.3315 0.4342 0.8376
vn -0.3216 0.1019 0.9414
vn 0.0940 0.6672 0.7389
vn -0.1810 0.4804 0.8582
vn 0.1332 0.6598 0.7396
vn -0.1653 0.5121 0.8429
vn 0.0944 0.6679 0.7383
vn 0.1022 -0.5283 0.8429
vn -0.1499 -0.6552 0.7405
vn 0.1339 -0.4811 0.8664
vn 0.3297 -0.0628 0.9420
vn -0.3790 -0.4110 0.8291
vn -0.1494 -0.6551 0.7406
vn -0.2115 -0.6394 0.7393
vn 0.2981 -0.1570 0.9415
vn -0.3855 -0.2990 0.8729
vn 0.3854 0.2991 0.8729
vn -0.3297 0.0626 0.9420
vn 0.3793 0.4109 0.8291
vn -0.2983 0.1569 0.9415
vn 0.1497 0.6546 0.7410
vn -0.1339 0.4807 0.8666
vn 0.2121 0.6381 0.7401
vn -0.1024 0.5279 0.8431
vn 0.1500 0.6548 0.7407
vn 0.2981 -0.4550 0.8391
vn 0.0477 -0.6702 0.7406
vn 0.3070 -0.3940 0.8664
vn 0.3302 0.0159 0.9438
vn 0.3296 0.0549 0.9425
vn -0.2204 -0.4642 0.8579
vn 0.0474 -0.6697 0.7411
vn -0.2048 -0.4968 0.8434
vn 0.2129 0.4653 0.8592
vn -0.3303 -0.0159 0.9438
vn 0.2050 0.4968 0.8433
vn -0.3298 -0.0548 0.9425
vn -0.0474 0.6701 0.7407
vn -0.3070 0.3937 0.8665
vn -0.2980 0.4548 0.8393
vn -0.0474 0.6699 0.7410
vn 0.2131 -0.4905 0.8450
vn -0.0395 -0.6711 0.7403
vn 0.2287 -0.4574 0.8593
vn 0.3303 -0.0156 0.9437
vn 0.3303 -0.0392 0.9431
vn -0.2981 -0.4081 0.8629
vn -0.0395 -0.6710 0.7404
vn -0.2837 -0.4576 0.8427
vn 0.2982 0.4080 0.8629
vn -0.3302 0.0157 0.9438
vn 0.2838 0.4575 0.8427
vn -0.3301 0.0392 0.9431
vn 0.0395 0.6707 0.7407
vn -0.2286 0.4570 0.8596
vn -0.2131 0.4898 0.8454
vn 0.0395 0.6699 0.7414
vn -0.4633 0.3454 0.8161
vn -0.2752 0.6141 0.7397
vn -0.4248 0.1653 0.8901
vn -0.3537 0.5742 0.7383
vn -0.3143 -0.1180 0.9420
vn -0.2444 -0.2370 0.9403
vn -0.2753 0.6138 0.7399
vn -0.0155 0.5416 0.8405
vn 0.0552 0.4715 0.8801
vn -0.0551 -0.4717 0.8800
vn 0.3142 0.1178 0.9420
vn 0.0156 -0.5424 0.8400
vn 0.2443 0.2372 0.9402
vn 0.2754 -0.6141 0.7396
vn 0.4249 -0.1655 0.8900
vn 0.4637 -0.3455 0.8158
vn 0.2759 -0.6140 0.7396
vn 0.3545 -0.5730 0.7390
vn -0.3074 0.0001 0.9516
vn -0.4427 0.6870 0.5762
vn -0.7304 0.5024 0.4627
vn -0.4427 -0.6870 0.5762
vn -0.3074 -0.0001 0.9516
vn -0.7304 -0.5024 0.4627
vn -0.7298 0.5026 0.4634
vn -0.7188 0.6952 -0.0000
vn -0.7301 0.5022 -0.4634
vn -0.3700 -0.9290 -0.0000
vn -0.7300 -0.5026 0.4631
vn -0.7188 -0.6952 -0.0000
vn -0.7301 -0.5025 -0.4631
vn -0.3072 -0.0002 -0.9517
vn -0.4425 -0.6871 -0.5762
vn -0.7303 -0.5025 -0.4628
vn -0.4427 0.6868 -0.5765
vn -0.3070 -0.0003 -0.9517
vn -0.7304 0.5021 -0.4631
vn -0.9895 -0.1447 -0.0000
vn -0.7089 0.7054 -0.0000
vn -0.7091 0.7051 -0.0000
vn -0.9895 -0.1446 -0.0000
vn -0.5000 -0.8660 -0.0000
vn -0.5005 -0.8657 -0.0000
vn -0.2052 -0.9787 -0.0000
vn -0.2053 -0.7737 0.5993
vn -0.4421 -0.6871 0.5766
vn -0.7298 -0.5026 0.4634
vn -0.4422 -0.6870 -0.5766
vn -0.7301 -0.5022 -0.4635
vn -0.2052 -0.7739 -0.5992
vn 0.2053 -0.9787 0.0001
vn 0.4422 -0.6871 0.5766
vn 0.2053 -0.7730 0.6002
vn 0.3698 -0.9291 0.0001
vn 0.7298 -0.5027 0.4633
vn 0.4423 -0.6869 -0.5766
vn 0.7300 -0.5022 -0.4635
vn 0.2055 -0.7730 -0.6002
vn 0.0939 -0.9956 -0.0000
vn -0.4955 -0.8686 -0.0000
vn -0.4957 -0.8685 -0.0000
vn 0.0938 -0.9956 -0.0000
vn 0.7112 -0.7030 -0.0000
vn 0.3069 -0.5979 0.7405
vn -0.0238 -0.5357 0.8441
vn 0.2360 -0.6294 0.7404
vn -0.1107 -0.6622 0.7411
vn 0.1497 -0.5133 0.8450
vn -0.1501 -0.6543 0.7412
vn 0.1498 -0.6549 0.7407
vn 0.2125 -0.6384 0.7398
vn -0.1024 -0.5285 0.8427
vn -0.1258 -0.6618 0.7390
vn 0.1264 -0.5218 0.8437
vn -0.1810 -0.6473 0.7404
vn -0.0548 -0.6688 0.7414
vn 0.1975 -0.4961 0.8455
vn -0.0863 -0.6672 0.7398
vn 0.1422 -0.6550 0.7421
vn 0.2053 -0.6387 0.7416
vn -0.1105 -0.5216 0.8460
vn 0.1415 -0.6591 0.7386
vn 0.1968 -0.6440 0.7393
vn -0.1104 -0.5212 0.8463
vn -0.1728 -0.6516 0.7386
vn 0.0789 -0.5287 0.8452
vn -0.2437 -0.6282 0.7389
vn 0.1648 -0.6511 0.7409
vn 0.2287 -0.6290 0.7430
vn -0.0870 -0.5265 0.8457
vn -0.1814 -0.6470 0.7406
vn 0.0711 -0.5301 0.8449
vn -0.2447 -0.6244 0.7418
vn -0.0633 -0.6690 0.7406
vn 0.1893 -0.4978 0.8464
vn -0.0869 -0.6677 0.7393
vn -0.0945 -0.6690 0.7372
vn 0.1654 -0.5138 0.8418
vn -0.1335 -0.6617 0.7378
vn -0.1492 -0.6541 0.7415
vn 0.1029 -0.5273 0.8434
vn -0.2121 -0.6375 0.7407
vn 0.0472 -0.6701 0.7407
vn 0.2982 -0.4547 0.8392
vn 0.0707 -0.6692 0.7397
vn -0.2054 -0.4970 0.8431
vn -0.0396 -0.6698 0.7415
vn 0.2132 -0.4896 0.8455
vn -0.0553 -0.6693 0.7410
vn -0.2837 -0.4562 0.8435
vn 0.0157 -0.5410 0.8409
vn 0.2753 -0.6132 0.7404
vn 0.3537 -0.5729 0.7394
vn 0.2681 -0.6150 -0.7416
vn 0.0157 -0.5417 -0.8405
vn 0.3536 -0.5735 -0.7389
vn 0.1108 -0.5219 -0.8458
vn -0.1412 -0.6597 -0.7381
vn -0.1963 -0.6447 -0.7388
vn 0.1264 -0.5198 -0.8449
vn -0.1255 -0.6603 -0.7404
vn -0.1811 -0.6457 -0.7418
vn 0.0554 -0.6689 -0.7413
vn -0.1969 -0.4965 -0.8454
vn 0.0870 -0.6674 -0.7396
vn 0.0630 -0.6694 -0.7402
vn -0.1898 -0.4982 -0.8460
vn 0.0864 -0.6682 -0.7389
vn 0.1109 -0.5218 -0.8458
vn -0.1418 -0.6552 -0.7420
vn -0.2048 -0.6390 -0.7414
vn 0.1494 -0.6536 -0.7419
vn -0.1027 -0.5268 -0.8438
vn 0.2124 -0.6369 -0.7411
vn 0.0001 -0.6703 -0.7421
vn -0.2524 -0.4725 -0.8444
vn 0.2525 -0.4730 -0.8441
vn 0.0236 -0.5366 -0.8435
vn -0.2361 -0.6301 -0.7398
vn -0.3070 -0.5987 -0.7398
vn 0.1813 -0.6464 -0.7411
vn -0.0711 -0.5293 -0.8454
vn 0.2447 -0.6238 -0.7423
vn 0.0388 -0.6705 -0.7409
vn -0.2137 -0.4908 -0.8447
vn 0.0546 -0.6700 -0.7403
vn 0.2829 -0.4569 -0.8433
vn 0.1261 -0.6617 -0.7391
vn -0.1261 -0.5217 -0.8437
vn 0.1813 -0.6472 -0.7405
vn 0.0867 -0.5300 -0.8435
vn -0.1654 -0.6537 -0.7384
vn -0.2287 -0.6320 -0.7405
vn -0.0477 -0.6708 -0.7401
vn -0.2985 -0.4560 -0.8384
vn -0.0712 -0.6700 -0.7390
vn 0.2046 -0.4979 -0.8428
vn 0.1981 -0.4959 -0.8455
vn -0.0619 -0.6685 -0.7411
vn -0.0856 -0.6672 -0.7399
vn -0.0239 -0.6700 -0.7419
vn -0.2759 -0.4635 -0.8420
vn -0.0318 -0.6699 -0.7418
vn 0.2292 -0.4814 -0.8460
vn -0.0000 -1.0000 -0.0003
vn -0.0000 -0.8764 0.4817
vn -0.0000 -0.8929 0.4503
vn -0.0000 -0.7099 0.7043
vn -0.0000 -0.7098 0.7044
vn -0.0000 -1.0000 -0.0005
vn -0.0000 -0.8773 -0.4800
vn -0.0000 -0.8938 -0.4486
vn -0.0000 -0.7092 -0.7050
vn -0.0000 -0.7088 -0.7054
vn -0.0000 -0.8928 -0.4504
vn -0.0000 -1.0000 -0.0006
vn -0.0000 -0.8764 -0.4816
vn -0.0000 -0.7116 -0.7026
vn -0.0000 -0.8760 0.4823
vn -0.0000 -0.8924 0.4512
vn -0.0000 -0.7122 0.7020
vn -0.0000 -0.7124 0.7018
vn -0.2052 -0.0000 -0.9787
vn -0.2054 -0.7732 -0.5999
vn -0.4423 -0.6870 -0.5765
vn -0.3065 -0.0001 -0.9519
vn -0.4423 0.6871 -0.5764
vn -0.2055 0.7734 -0.5997
vn 0.4424 0.6870 -0.5765
vn 0.2053 -0.0000 -0.9787
vn 0.2054 0.7732 -0.6000
vn 0.3066 -0.0000 -0.9518
vn 0.4425 -0.6870 -0.5764
vn 0.2057 -0.7730 -0.6001
vn -0.2683 0.6153 -0.7412
vn -0.4567 0.3465 -0.8194
vn -0.4251 0.1655 -0.8899
vn -0.3542 0.5740 -0.7383
vn -0.3139 -0.1179 -0.9421
vn -0.2451 -0.2370 -0.9401
vn -0.0157 0.5419 -0.8403
vn -0.2682 0.6159 -0.7408
vn 0.0550 0.4714 -0.8802
vn -0.0552 -0.4716 -0.8801
vn 0.3139 0.1176 -0.9422
vn 0.0156 -0.5416 -0.8405
vn 0.2448 0.2369 -0.9402
vn 0.2681 -0.6146 -0.7419
vn 0.4252 -0.1653 -0.8899
vn 0.4569 -0.3468 -0.8191
vn 0.2681 -0.6158 -0.7409
vn 0.3537 -0.5746 -0.7381
vn -0.1418 0.4801 -0.8657
vn 0.1412 0.6595 -0.7383
vn -0.1108 0.5214 -0.8461
vn -0.3298 0.0547 -0.9425
vn 0.1413 0.6594 -0.7384
vn 0.3687 0.4155 -0.8315
vn 0.1957 0.6440 -0.7396
vn -0.3057 0.1491 -0.9404
vn 0.3779 0.3071 -0.8734
vn -0.3776 -0.3068 -0.8737
vn 0.3300 -0.0550 -0.9424
vn -0.3685 -0.4155 -0.8316
vn 0.3057 -0.1489 -0.9404
vn -0.1413 -0.6594 -0.7384
vn 0.1417 -0.4803 -0.8656
vn -0.1963 -0.6450 -0.7385
vn 0.1107 -0.5218 -0.8459
vn -0.1413 -0.6597 -0.7381
vn -0.1494 0.4795 -0.8647
vn 0.1259 0.6609 -0.7398
vn -0.1262 0.5208 -0.8443
vn -0.3299 0.0470 -0.9428
vn 0.1259 0.6607 -0.7400
vn 0.3616 0.4168 -0.8340
vn 0.1811 0.6457 -0.7418
vn -0.3063 0.1337 -0.9425
vn 0.3692 0.3219 -0.8718
vn -0.3693 -0.3220 -0.8717
vn 0.3299 -0.0470 -0.9428
vn -0.3620 -0.4175 -0.8335
vn 0.3066 -0.1338 -0.9424
vn -0.1258 -0.6615 -0.7393
vn 0.1495 -0.4797 -0.8646
vn -0.1807 -0.6472 -0.7406
vn 0.1262 -0.5208 -0.8443
vn -0.1260 -0.6615 -0.7393
vn -0.3141 0.3928 -0.8643
vn -0.0549 0.6701 -0.7403
vn -0.3062 0.4476 -0.8402
vn -0.0859 0.6691 -0.7382
vn -0.3300 -0.0234 -0.9437
vn -0.3295 -0.0629 -0.9421
vn 0.1972 0.4970 -0.8451
vn -0.0552 0.6690 -0.7412
vn 0.2127 0.4650 -0.8594
vn -0.2127 -0.4652 -0.8593
vn 0.3303 0.0234 -0.9436
vn -0.1974 -0.4972 -0.8449
vn 0.3297 0.0630 -0.9420
vn 0.0550 -0.6700 -0.7403
vn 0.3143 -0.3927 -0.8643
vn 0.3063 -0.4477 -0.8401
vn 0.0552 -0.6698 -0.7404
vn 0.0870 -0.6692 -0.7380
vn -0.3151 0.3861 -0.8670
vn -0.0633 0.6691 -0.7405
vn -0.3061 0.4474 -0.8403
vn -0.0869 0.6678 -0.7393
vn -0.3296 -0.0707 -0.9415
vn 0.1899 0.4980 -0.8462
vn -0.0629 0.6688 -0.7408
vn 0.2054 0.4659 -0.8607
vn -0.2053 -0.4658 -0.8608
vn 0.3304 0.0237 -0.9436
vn -0.1895 -0.4977 -0.8464
vn 0.3297 0.0707 -0.9414
vn 0.0631 -0.6693 -0.7403
vn 0.3154 -0.3862 -0.8668
vn 0.3061 -0.4474 -0.8403
vn 0.0629 -0.6689 -0.7407
vn 0.0858 -0.6672 -0.7399
vn -0.1338 0.4807 -0.8666
vn 0.1422 0.6554 -0.7418
vn -0.1106 0.5219 -0.8458
vn -0.3298 0.0550 -0.9424
vn 0.1419 0.6554 -0.7418
vn 0.3765 0.4080 -0.8317
vn 0.2049 0.6398 -0.7407
vn -0.2986 0.1492 -0.9427
vn 0.3777 0.3070 -0.8736
vn -0.3779 -0.3071 -0.8734
vn 0.3297 -0.0550 -0.9425
vn -0.3766 -0.4083 -0.8316
vn 0.2984 -0.1491 -0.9427
vn -0.1420 -0.6555 -0.7418
vn 0.1338 -0.4808 -0.8666
vn -0.2047 -0.6392 -0.7413
vn 0.1106 -0.5221 -0.8457
vn -0.1422 -0.6555 -0.7417
vn -0.3790 0.4110 -0.8291
vn -0.3789 0.2999 -0.8755
vn -0.1500 0.6545 -0.7410
vn -0.2127 0.6382 -0.7399
vn -0.3297 -0.0622 -0.9421
vn -0.2983 -0.1567 -0.9415
vn 0.1025 0.5281 -0.8430
vn -0.1499 0.6547 -0.7408
vn 0.1339 0.4807 -0.8666
vn -0.1338 -0.4804 -0.8668
vn 0.3299 0.0626 -0.9419
vn -0.1024 -0.5279 -0.8431
vn 0.3004 0.1581 -0.9406
vn 0.1500 -0.6547 -0.7409
vn 0.3786 -0.2996 -0.8757
vn 0.3791 -0.4107 -0.8293
vn 0.1496 -0.6545 -0.7411
vn 0.2126 -0.6388 -0.7394
vn -0.2674 0.4404 -0.8571
vn -0.0003 0.6709 -0.7415
vn -0.2523 0.4735 -0.8439
vn -0.3302 -0.0001 -0.9439
vn -0.3304 -0.0000 -0.9438
vn 0.2524 0.4732 -0.8441
vn 0.0002 0.6706 -0.7418
vn 0.2683 0.4340 -0.8600
vn -0.2684 -0.4340 -0.8600
vn 0.3303 -0.0001 -0.9439
vn -0.2524 -0.4734 -0.8439
vn 0.3304 -0.0000 -0.9439
vn -0.0002 -0.6707 -0.7417
vn 0.2600 -0.4412 -0.8589
vn 0.2524 -0.4731 -0.8441
vn -0.0000 -0.6703 -0.7421
vn 0.2363 0.6298 -0.7400
vn 0.4342 0.3709 -0.8209
vn 0.3073 0.5986 -0.7398
vn -0.0787 0.4801 -0.8737
vn 0.2362 0.6298 -0.7400
vn -0.0236 0.5363 -0.8437
vn 0.4187 0.2054 -0.8846
vn -0.3220 0.0943 -0.9420
vn 0.3220 -0.0943 -0.9420
vn -0.2684 0.2131 -0.9394
vn 0.2685 -0.2130 -0.9394
vn -0.4186 -0.2053 -0.8847
vn 0.0787 -0.4802 -0.8736
vn -0.4341 -0.3707 -0.8211
vn 0.0236 -0.5363 -0.8437
vn -0.2362 -0.6294 -0.7403
vn -0.2363 -0.6296 -0.7401
vn -0.3070 -0.5979 -0.7405
vn -0.1813 0.6461 -0.7414
vn -0.4016 0.3936 -0.8269
vn -0.3928 0.2671 -0.8800
vn -0.2445 0.6233 -0.7428
vn -0.3295 -0.0706 -0.9415
vn -0.2919 -0.1813 -0.9391
vn 0.0711 0.5296 -0.8453
vn -0.1813 0.6465 -0.7410
vn 0.1106 0.4821 -0.8691
vn -0.1106 -0.4818 -0.8693
vn 0.3295 0.0709 -0.9415
vn -0.0710 -0.5293 -0.8454
vn 0.2921 0.1813 -0.9390
vn 0.1812 -0.6462 -0.7413
vn 0.3928 -0.2671 -0.8800
vn 0.4014 -0.3933 -0.8271
vn 0.1813 -0.6463 -0.7412
vn -0.2982 0.4078 -0.8630
vn -0.0396 0.6695 -0.7418
vn -0.2841 0.4567 -0.8430
vn -0.3305 -0.0157 -0.9437
vn -0.3300 -0.0394 -0.9432
vn 0.2136 0.4893 -0.8456
vn -0.0392 0.6692 -0.7421
vn 0.2285 0.4570 -0.8596
vn -0.2286 -0.4576 -0.8593
vn 0.3303 0.0157 -0.9437
vn -0.2132 -0.4901 -0.8452
vn 0.3296 0.0392 -0.9433
vn 0.0394 -0.6704 -0.7409
vn 0.2980 -0.4081 -0.8629
vn 0.2839 -0.4572 -0.8428
vn 0.0398 -0.6705 -0.7409
vn -0.3695 0.3225 -0.8715
vn -0.1338 0.6611 -0.7383
vn -0.3619 0.4174 -0.8336
vn -0.1819 0.6467 -0.7407
vn -0.3300 -0.0471 -0.9428
vn -0.3065 -0.1333 -0.9425
vn 0.1264 0.5207 -0.8443
vn -0.1336 0.6600 -0.7393
vn 0.1493 0.4796 -0.8647
vn -0.1492 -0.4793 -0.8649
vn 0.3302 0.0474 -0.9427
vn -0.1263 -0.5204 -0.8445
vn 0.3063 0.1336 -0.9425
vn 0.1258 -0.6606 -0.7401
vn 0.3690 -0.3218 -0.8719
vn 0.3616 -0.4165 -0.8341
vn 0.1256 -0.6606 -0.7402
vn 0.1813 -0.6460 -0.7415
vn -0.1184 0.4813 -0.8685
vn 0.1654 0.6524 -0.7396
vn -0.0864 0.5290 -0.8442
vn -0.3296 0.0707 -0.9415
vn 0.1652 0.6527 -0.7394
vn 0.3938 0.4016 -0.8268
vn 0.2285 0.6309 -0.7414
vn -0.2929 0.1658 -0.9417
vn 0.3872 0.2844 -0.8771
vn -0.3872 -0.2843 -0.8771
vn 0.3294 -0.0704 -0.9415
vn -0.3938 -0.4016 -0.8268
vn 0.2929 -0.1662 -0.9416
vn -0.1653 -0.6527 -0.7394
vn 0.1185 -0.4812 -0.8686
vn -0.2290 -0.6311 -0.7411
vn 0.0866 -0.5279 -0.8449
vn -0.1649 -0.6519 -0.7402
vn -0.2203 0.4642 -0.8579
vn 0.0474 0.6699 -0.7410
vn -0.2051 0.4965 -0.8434
vn -0.3304 0.0158 -0.9437
vn -0.3296 0.0549 -0.9425
vn 0.2979 0.4548 -0.8393
vn 0.0471 0.6695 -0.7413
vn 0.3071 0.3939 -0.8663
vn -0.3069 -0.3935 -0.8666
vn 0.3305 -0.0153 -0.9437
vn -0.2979 -0.4542 -0.8396
vn 0.3294 -0.0548 -0.9426
vn -0.0469 -0.6690 -0.7418
vn 0.2126 -0.4650 -0.8594
vn 0.2056 -0.4966 -0.8433
vn -0.0473 -0.6703 -0.7406
vn -0.2127 0.4650 -0.8594
vn -0.1971 0.4970 -0.8451
vn -0.3301 0.0234 -0.9437
vn 0.0631 0.6694 -0.7402
vn 0.3064 0.4477 -0.8401
vn 0.0868 0.6681 -0.7390
vn -0.3296 0.0627 -0.9420
vn 0.3146 0.3929 -0.8641
vn -0.3140 -0.3927 -0.8644
vn 0.3305 -0.0236 -0.9435
vn -0.3060 -0.4472 -0.8405
vn 0.3296 -0.0627 -0.9420
vn -0.0630 -0.6691 -0.7405
vn 0.2126 -0.4652 -0.8593
vn -0.0869 -0.6688 -0.7383
vn 0.1976 -0.4979 -0.8444
vn -0.0631 -0.6700 -0.7397
vn -0.2443 0.4493 -0.8593
vn -0.2290 0.4818 -0.8458
vn -0.3303 0.0080 -0.9438
vn -0.3303 0.0238 -0.9436
vn 0.2755 0.4644 -0.8417
vn 0.0236 0.6707 -0.7413
vn 0.2847 0.4195 -0.8620
vn -0.2846 -0.4191 -0.8622
vn 0.3304 -0.0081 -0.9438
vn -0.2752 -0.4641 -0.8419
vn 0.3302 -0.0234 -0.9436
vn -0.0234 -0.6705 -0.7415
vn 0.2443 -0.4496 -0.8592
vn 0.2290 -0.4827 -0.8453
vn -0.0238 -0.6708 -0.7413
vn 0.8533 -0.5215 -0.0000
vn 0.9292 0.3696 -0.0000
vn 0.9290 0.3701 -0.0000
vn 0.3929 0.9196 -0.0011
vn 0.7230 0.6909 -0.0000
vn 0.3933 0.9194 -0.0000
vn 0.7074 0.7068 -0.0000
vn -0.5972 0.8021 -0.0000
vn -0.5976 0.8018 -0.0000
vn -0.0000 1.0000 -0.0000
vn 0.2758 0.9612 -0.0000
vn 0.2757 0.9613 -0.0000
vn 0.2757 0.9612 -0.0000
vn 0.2756 0.9613 -0.0000
vn -0.9379 0.3469 -0.0000
vn -0.6751 0.7378 -0.0000
vn -0.9380 0.3467 -0.0000
vn -0.3630 0.9318 -0.0000
vn -0.0000 -0.0000 -0.0000
vn -0.3632 0.9317 -0.0000
vn 0.3929 0.9196 -0.0000
vn -0.0000 -0.0000 1.0000
vn -1.0000 -0.0000 -0.0000
vn -0.4409 -0.8976 -0.0000
vn -0.4409 -0.8975 -0.0000
vn -0.4408 -0.8976 -0.0000
vn -0.4410 -0.8975 -0.0000
vn -0.9354 -0.3537 -0.0000
vn -0.4090 -0.9126 -0.0000
vn -0.4092 -0.9125 -0.0000
vn -0.9353 -0.3539 -0.0000
vn -0.9414 -0.3372 -0.0000
vn -0.9414 -0.3373 -0.0000
vn -0.4251 -0.9051 -0.0000
vn -0.4249 -0.9052 -0.0000
vn -0.9379 0.3468 -0.0000
vn -0.8185 -0.5746 -0.0000
vn -0.8186 -0.5744 -0.0000
vn -0.9380 0.3466 -0.0000
vn 0.6585 -0.7526 -0.0000
vn 0.3537 -0.9354 -0.0000
vn 0.3536 -0.9354 -0.0000
vn -0.0000 -1.0000 -0.0000
vn -0.1734 -0.9848 -0.0000
vn -0.1734 -0.9849 -0.0000
vn -0.1733 -0.9849 -0.0000
vn -0.4090 -0.9125 -0.0000
vn -0.4250 -0.9052 -0.0000
vn -0.8185 -0.5745 -0.0000
vn -0.2368 -0.9716 -0.0000
vn -0.2367 -0.9716 -0.0000
vn 0.2369 -0.9715 -0.0000
vn 0.2368 -0.9716 -0.0000
vn 0.8533 -0.5214 -0.0000
vn -0.0000 -0.0000 -1.0000
vn 1.0000 -0.0000 -0.0000
vn 1.0000 0.0005 -0.0000
vn 1.0000 -0.0003 -0.0000
vn 1.0000 -0.0005 -0.0000
vn 1.0000 0.0010 -0.0000
vn 1.0000 0.0014 -0.0000
vn 1.0000 -0.0006 -0.0000
vn 1.0000 -0.0008 -0.0000
vn 0.7068 -0.7074 -0.0000
vn 0.7074 -0.7068 -0.0000
vn 1.0000 0.0003 -0.0000
vn 0.7070 0.7072 -0.0000
vn 0.6915 -0.0000 0.7224
vn 0.6913 -0.0000 0.7226
vn 0.6914 -0.0000 -0.7225
vn 0.6912 -0.0000 -0.7227
vn 1.0000 -0.0014 -0.0000
vn 1.0000 0.0006 -0.0000
vn 1.0000 0.0011 -0.0000
vn 0.7071 -0.7071 -0.0000
vn 0.7072 -0.7070 -0.0000
vn 0.7071 0.7071 -0.0001
vn 0.7071 0.7071 -0.0000
vn 0.7072 0.7070 -0.0000
vn 1.0000 -0.0000 0.0001
vn 0.6913 -0.0000 0.7225
vn 0.6914 -0.0000 0.7225
vn 0.6913 -0.0000 -0.7226
vn 0.6912 -0.0000 -0.7226
vn 0.7069 0.7073 -0.0000
vn 0.7070 -0.7072 -0.0000
vn 0.9052 0.4250 -0.0000
vn 1.0000 0.0009 -0.0000
vn 1.0000 -0.0010 -0.0000
vn 1.0000 -0.0009 -0.0000
vn -0.0000 0.6911 -0.7228
vn -0.6058 0.5506 -0.5744
vn -0.6371 0.7708 0.0001
vn -0.0000 0.6911 0.7227
vn -0.6058 0.5506 0.5743
vn 0.5290 0.6003 0.5999
vn 0.5270 0.8499 0.0001
vn 0.5287 0.5763 0.6232
vn 0.5268 0.8500 0.0002
vn 0.5291 0.6000 -0.6000
vn 0.5290 0.5757 -0.6235
vn -0.0000 1.0000 0.0005
vn -0.0000 1.0000 -0.0010
vn -0.7072 0.7070 -0.0000
vn -0.7076 0.7067 -0.0000
vn 0.0001 1.0000 -0.0000
vn 0.7068 0.7074 -0.0000
vn -0.0000 0.6913 0.7226
vn -0.0000 0.6913 -0.7226
vn -0.0000 0.6912 0.7226
vn -0.0000 0.6912 -0.7226
vn -0.0000 0.6911 -0.7227
vn -0.0000 0.6913 -0.7225
vn -0.0000 0.6910 -0.7229
vn -0.0000 0.6910 0.7228
vn -0.0000 0.6912 0.7227
vn -0.0000 1.0000 0.0003
vn -0.0000 0.6912 -0.7227
vn 0.0002 0.6917 -0.7222
vn -0.0000 1.0000 -0.0003
vn -0.0001 0.6916 0.7223
vn -0.7070 0.7072 -0.0000
vn -0.7071 0.7071 -0.0000
vn -0.0000 1.0000 0.0001
vn -0.0000 0.6909 -0.7229
vn -0.0000 0.6911 0.7228
vn -0.7065 0.7077 -0.0000
vn 0.0003 1.0000 -0.0000
vn -0.0003 1.0000 -0.0000
vn 0.7067 0.7076 -0.0000
vn 0.0001 0.6915 -0.7223
vn -0.0000 0.9910 0.1341
vn -0.0000 0.6918 -0.7221
vn -0.0000 0.9911 0.1334
vn -0.0000 0.6914 0.7225
vn 0.3399 0.9405 -0.0000
vn 0.9053 0.4249 -0.0000
vn 0.9053 0.4248 -0.0000
vn -0.3398 0.9405 -0.0000
vn -0.3400 0.9404 -0.0000
vn -0.9052 0.4250 -0.0000
vn -0.9054 0.4246 -0.0000
vn -0.5290 0.5757 0.6235
vn -0.5272 0.8497 -0.0000
vn -0.5293 0.5998 0.6001
vn -0.5288 0.6004 -0.6000
vn -0.5284 0.5764 -0.6233
vn -0.0000 0.9997 0.0236
vn -0.0000 0.9997 0.0238
vn -0.0000 0.9997 0.0237
vn -0.0000 0.9997 0.0234
vn -0.0000 0.6914 -0.7225
vn 0.1338 0.6847 0.7164
vn 0.1337 0.9910 -0.0000
vn -0.0000 0.6910 -0.7228
vn 0.1339 0.6847 -0.7164
vn 0.1260 0.9920 0.0001
vn 0.1261 0.6855 -0.7171
vn 0.1261 0.6854 0.7172
vn -0.1733 0.9849 -0.0001
vn -0.1732 0.6845 0.7082
vn -0.1731 0.6845 -0.7081
vn -0.1580 0.9874 -0.0001
vn -0.0000 0.6916 -0.7223
vn -0.1577 0.6783 -0.7177
vn -0.0000 1.0000 0.0002
vn -0.0000 0.6913 0.7225
vn -0.1577 0.6784 0.7175
vn -0.0000 -0.6911 0.7228
vn -0.5602 0.0002 0.8284
vn -0.6058 -0.5504 0.5744
vn -0.0000 0.0001 1.0000
vn -0.6058 0.5507 0.5742
vn 0.5291 -0.6000 0.6000
vn 0.5274 -0.0000 0.8496
vn 0.5287 -0.5759 0.6235
vn 0.5276 -0.0001 0.8495
vn 0.5290 0.6002 0.6000
vn 0.5286 0.5762 0.6233
vn -0.6910 -0.0000 0.7229
vn 0.6910 -0.0000 0.7229
vn -0.0005 -0.0000 1.0000
vn 0.0005 -0.0000 1.0000
vn -0.0000 -0.6912 0.7226
vn 0.0003 -0.0000 1.0000
vn -0.0000 -0.6910 0.7229
vn -0.0000 -0.6909 0.7230
vn -0.0000 -0.1961 0.9806
vn -0.0000 -0.0002 1.0000
vn -0.0000 -0.1962 0.9806
vn -0.0000 -0.1958 0.9806
vn -0.0000 -0.6912 0.7227
vn -0.0000 -0.6910 0.7228
vn -0.0000 -0.0001 1.0000
vn -0.0000 -0.6913 0.7226
vn -0.6910 -0.0000 0.7228
vn 0.0001 -0.0000 1.0000
vn -0.6912 -0.0000 0.7227
vn -0.0001 -0.0000 1.0000
vn 0.6912 -0.0000 0.7227
vn 0.6911 -0.0001 0.7228
vn -0.0000 -0.5885 0.8085
vn -0.0000 -0.5887 0.8084
vn -0.0000 0.6910 0.7229
vn -0.5274 -0.0001 0.8496
vn -0.5291 0.6000 0.6001
vn -0.5276 -0.0001 0.8495
vn -0.5291 -0.6000 0.6000
vn -0.5287 0.5759 0.6235
vn -0.5287 -0.5759 0.6235
vn 0.1338 -0.6849 0.7163
vn 0.1337 -0.0000 0.9910
vn 0.1338 0.6848 0.7163
vn 0.1264 -0.0000 0.9920
vn 0.1262 -0.6855 0.7171
vn 0.1261 0.6856 0.7170
vn -0.1579 -0.0000 0.9875
vn -0.1730 0.6846 0.7081
vn -0.1733 0.0001 0.9849
vn -0.0000 -0.6911 0.7227
vn -0.1731 -0.6844 0.7082
vn -0.1577 -0.6782 0.7178
vn -0.1577 0.6783 0.7177
vn -1.0000 0.0005 -0.0000
vn -1.0000 0.0006 -0.0000
vn -1.0000 -0.0003 -0.0000
vn -1.0000 0.0012 -0.0000
vn -1.0000 -0.0006 -0.0000
vn -1.0000 0.0015 -0.0000
vn -1.0000 -0.0005 -0.0000
vn -1.0000 -0.0011 -0.0000
vn -1.0000 -0.0014 -0.0000
vn -0.5602 0.0001 -0.8284
vn -0.6370 0.7709 -0.0000
vn -0.6058 0.5507 -0.5743
vn -0.6371 -0.7708 -0.0000
vn -0.6060 -0.5503 -0.5744
vn -0.5602 0.0001 0.8284
vn -0.6058 -0.5507 0.5742
vn -0.6053 0.5513 0.5742
vn -1.0000 -0.0010 -0.0000
vn -1.0000 0.0009 -0.0000
vn -1.0000 0.0010 -0.0000
vn -0.7074 -0.7069 -0.0000
vn -0.7075 -0.7067 -0.0000
vn -1.0000 -0.0001 -0.0000
vn -0.7074 0.7068 -0.0000
vn -0.7073 0.7069 -0.0000
vn -0.6913 -0.0000 0.7226
vn -0.6912 -0.0000 -0.7227
vn -0.6913 -0.0000 -0.7226
vn -0.7069 -0.7073 -0.0000
vn -0.7070 -0.7073 -0.0001
vn -0.7069 0.7073 -0.0000
vn -0.7073 -0.7069 -0.0000
vn -0.6913 -0.0000 0.7225
vn -0.6912 -0.0000 -0.7226
vn -0.7075 0.7068 -0.0000
vn -1.0000 0.0008 -0.0000
vn -1.0000 -0.0013 -0.0000
vn -0.0000 -0.6913 -0.7225
vn -0.6371 -0.7708 0.0002
vn -0.6060 -0.5511 -0.5736
vn -0.0000 -0.6920 0.7219
vn 0.5269 -0.8499 0.0001
vn 0.5287 -0.6001 0.6003
vn 0.5283 -0.5761 0.6237
vn 0.5269 -0.8499 0.0002
vn 0.5288 -0.5999 -0.6004
vn 0.5286 -0.5757 -0.6239
vn -0.7072 -0.7070 0.0001
vn -0.0002 -1.0000 -0.0000
vn -0.7072 -0.7070 -0.0000
vn -0.0000 -1.0000 0.0006
vn -0.0000 -0.6916 0.7223
vn 0.0001 -0.6906 0.7232
vn -0.0000 -1.0000 -0.0007
vn -0.0000 -0.6916 -0.7223
vn -0.0001 -0.6906 -0.7232
vn -0.0000 -0.9289 -0.3704
vn -0.0000 -0.9289 -0.3702
vn -0.0000 -0.6911 -0.7228
vn -0.0000 -0.6910 -0.7229
vn -0.0000 -0.6909 0.7229
vn -0.0000 -0.6909 -0.7229
vn -0.7071 -0.7071 -0.0000
vn -0.0000 -1.0000 0.0003
vn -0.0000 -0.6915 0.7223
vn -0.0000 -0.6915 -0.7223
vn -0.0000 -0.6909 -0.7230
vn -0.0000 -0.6913 -0.7226
vn -0.0000 -0.6914 -0.7225
vn -0.0000 -1.0000 -0.0001
vn 0.0003 -1.0000 -0.0000
vn -0.7067 -0.7075 -0.0000
vn -0.0003 -1.0000 -0.0000
vn 0.7065 -0.7077 -0.0000
vn -0.7070 -0.7072 -0.0000
vn 0.0002 -0.5891 0.8081
vn -0.0000 -0.5886 -0.8085
vn -0.0000 -0.5888 -0.8083
vn -0.0000 -0.5887 0.8083
vn -0.5287 -0.6002 0.6002
vn -0.5272 -0.8498 -0.0000
vn -0.5282 -0.5763 0.6236
vn -0.5274 -0.8496 -0.0001
vn -0.5288 -0.6001 -0.6002
vn -0.5284 -0.5762 -0.6236
vn -0.0000 -1.0000 -0.0009
vn -0.0000 -1.0000 0.0015
vn -0.0000 -1.0000 0.0013
vn -0.0000 -0.6914 0.7225
vn -0.0000 -0.6915 -0.7224
vn -0.0001 -0.6910 -0.7228
vn 0.1337 -0.9910 -0.0003
vn 0.1339 -0.6853 0.7159
vn 0.1260 -0.9920 -0.0001
vn 0.1338 -0.6848 -0.7163
vn -0.0000 -0.6920 -0.7219
vn 0.1261 -0.6854 -0.7172
vn 0.1260 -0.6855 0.7171
vn -0.0000 -0.6917 0.7222
vn -0.1733 -0.9849 0.0001
vn -0.1731 -0.6847 -0.7080
vn -0.1580 -0.9874 0.0001
vn -0.1578 -0.6784 -0.7175
vn -0.0000 -0.6910 -0.7228
vn -0.1577 -0.6783 0.7177
vn -0.0000 -0.6915 0.7224
vn -0.5602 -0.0001 -0.8284
vn -0.0000 0.0002 -1.0000
vn -0.6057 0.5508 -0.5742
vn -0.6058 -0.5507 -0.5743
vn 0.5275 0.0004 -0.8496
vn 0.5293 -0.5997 -0.6001
vn 0.5291 -0.5755 -0.6236
vn 0.5273 0.0003 -0.8497
vn 0.5292 0.6001 -0.5999
vn 0.5291 0.5757 -0.6234
vn -0.6911 -0.0000 -0.7227
vn 0.6911 -0.0000 -0.7227
vn -0.0005 -0.0000 -1.0000
vn -0.0000 -0.6912 -0.7227
vn -0.0003 -0.0000 -1.0000
vn 0.0003 -0.0000 -1.0000
vn -0.0000 -0.3700 -0.9290
vn -0.0000 -0.3703 -0.9289
vn -0.0000 0.0004 -1.0000
vn -0.0000 0.6906 -0.7232
vn -0.0000 0.6908 -0.7230
vn -0.0000 -0.6911 -0.7227
vn -0.0000 0.0001 -1.0000
vn -0.0000 -0.1961 -0.9806
vn -0.0000 -0.1962 -0.9806
vn -0.0000 0.0003 -1.0000
vn -0.0000 -0.0002 -1.0000
vn -0.0000 -0.1959 -0.9806
vn -0.0000 -0.0001 -1.0000
vn -0.0001 -0.0000 -1.0000
vn -0.6913 -0.0001 -0.7226
vn 0.0001 -0.0000 -1.0000
vn 0.6913 -0.0000 -0.7225
vn -0.0000 -0.5885 -0.8085
vn -0.0000 -0.1337 -0.9910
vn -0.5291 0.5757 -0.6234
vn -0.5272 -0.0000 -0.8497
vn -0.5293 0.5999 -0.6000
vn -0.5293 -0.5999 -0.5999
vn -0.5291 -0.5757 -0.6234
vn -0.5273 -0.0001 -0.8497
vn 0.1338 -0.6848 -0.7164
vn 0.1337 -0.0001 -0.9910
vn 0.1338 0.6847 -0.7164
vn 0.1261 -0.0001 -0.9920
vn 0.1261 -0.6856 -0.7169
vn 0.1261 0.6856 -0.7170
vn -0.1731 -0.6844 -0.7082
vn -0.1733 -0.0000 -0.9849
vn -0.1731 0.6844 -0.7082
vn -0.1580 -0.0000 -0.9874
vn -0.1577 -0.6783 -0.7177
vn -0.1577 0.6783 -0.7176
vt 0.650607 0.524871
vt 0.640246 0.524430
vt 0.650607 0.524042
vt 0.991220 0.526287
vt 0.979849 0.525607
vt 0.987844 0.525590
vt 0.991220 0.524876
vt 0.316831 0.526398
vt 0.326753 0.525956
vt 0.326753 0.526736
vt 0.316831 0.525177
vt 0.326820 0.525618
vt 0.316831 0.525956
vt 0.403726 0.529064
vt 0.415210 0.529795
vt 0.406848 0.529778
vt 0.403726 0.530476
vt 0.849079 0.513173
vt 0.838668 0.513615
vt 0.838668 0.512785
vt 0.607784 0.493055
vt 0.617034 0.493022
vt 0.620264 0.493055
vt 0.604553 0.493022
vt 0.618739 0.492984
vt 0.606258 0.492984
vt 0.469141 0.519311
vt 0.451256 0.517910
vt 0.469168 0.517749
vt 0.451232 0.519310
vt 0.441919 0.518378
vt 0.451256 0.520702
vt 0.441919 0.520229
vt 0.469168 0.520865
vt 0.969540 0.498095
vt 0.955495 0.497028
vt 0.969522 0.497027
vt 0.955515 0.498210
vt 0.976565 0.497720
vt 0.969540 0.495953
vt 0.976565 0.496308
vt 0.955515 0.495824
vt 0.632178 0.499688
vt 0.628508 0.500505
vt 0.625132 0.500505
vt 0.635554 0.499688
vt 0.635562 0.498989
vt 0.632186 0.498989
vt 0.635554 0.498276
vt 0.632178 0.498276
vt 0.628508 0.497486
vt 0.625132 0.497486
vt 0.841595 0.481856
vt 0.836700 0.482904
vt 0.832286 0.482904
vt 0.846009 0.481856
vt 0.832297 0.483827
vt 0.836711 0.483827
vt 0.832286 0.484754
vt 0.836700 0.484754
vt 0.841595 0.485800
vt 0.846009 0.485800
vt 0.604720 0.489289
vt 0.617599 0.489251
vt 0.617208 0.489289
vt 0.605111 0.489252
vt 0.617208 0.489209
vt 0.604720 0.489210
vt 0.160852 0.527247
vt 0.160852 0.528101
vt 0.141232 0.527255
vt 0.441919 0.521407
vt 0.441919 0.520865
vt 0.454043 0.520870
vt 0.845660 0.490537
vt 0.845660 0.491128
vt 0.832239 0.490543
vt 0.952672 0.512172
vt 0.952672 0.511745
vt 0.962727 0.511749
vt 0.952651 0.514875
vt 0.952651 0.514431
vt 0.962445 0.514436
vt 0.350510 0.525177
vt 0.350510 0.525654
vt 0.339414 0.525182
vt 0.803270 0.475576
vt 0.803270 0.476102
vt 0.791399 0.475581
vt 0.854935 0.476085
vt 0.854935 0.475576
vt 0.866550 0.475581
vt 0.940044 0.475693
vt 0.940044 0.476103
vt 0.930750 0.475697
vt 0.955467 0.481684
vt 0.955467 0.481191
vt 0.966826 0.481196
vt 0.976565 0.498475
vt 0.976565 0.497999
vt 0.987140 0.498004
vt 0.817394 0.492742
vt 0.817394 0.492364
vt 0.826167 0.492368
vt 0.969575 0.520155
vt 0.969575 0.519794
vt 0.977838 0.519798
vt 0.443198 0.509759
vt 0.443198 0.510088
vt 0.435968 0.509762
vt 0.641183 0.497568
vt 0.635562 0.497901
vt 0.635562 0.497486
vt 0.846636 0.492771
vt 0.832135 0.493112
vt 0.839610 0.492770
vt 0.832135 0.492766
vt 0.639702 0.497222
vt 0.639702 0.497485
vt 0.633501 0.497225
vt 0.889740 0.475581
vt 0.889740 0.476085
vt 0.878161 0.476079
vt 0.843056 0.475576
vt 0.854935 0.476074
vt 0.843056 0.476079
vt 0.207604 0.529922
vt 0.218717 0.530388
vt 0.207604 0.530392
vt 0.972748 0.509062
vt 0.972748 0.509482
vt 0.962900 0.509479
vt 0.369106 0.530015
vt 0.377502 0.530483
vt 0.366848 0.530483
vt 0.976005 0.494986
vt 0.987114 0.495452
vt 0.976005 0.495456
vt 0.981008 0.509062
vt 0.981008 0.509418
vt 0.972748 0.509415
vt 0.982952 0.501264
vt 0.973503 0.501331
vt 0.973503 0.500535
vt 0.779025 0.528971
vt 0.791765 0.529549
vt 0.779025 0.529551
vt 0.973128 0.490096
vt 0.954835 0.490105
vt 0.954835 0.489325
vt 0.264612 0.529542
vt 0.264612 0.530029
vt 0.253255 0.530024
vt 0.634519 0.487489
vt 0.639962 0.487873
vt 0.634519 0.487945
vt 0.438248 0.509420
vt 0.443506 0.509759
vt 0.435968 0.509759
vt 0.546462 0.529546
vt 0.546462 0.529903
vt 0.538193 0.529900
vt 0.972548 0.511766
vt 0.981845 0.512168
vt 0.972548 0.512172
vt 0.538462 0.525238
vt 0.545713 0.525559
vt 0.538462 0.525561
vt 0.552410 0.525555
vt 0.442201 0.510417
vt 0.442201 0.510675
vt 0.435968 0.510674
vt 0.803270 0.475576
vt 0.811560 0.475946
vt 0.803270 0.475947
vt 0.819556 0.475941
vt 0.936743 0.520175
vt 0.961433 0.520289
vt 0.956242 0.521419
vt 0.934127 0.521316
vt 0.911648 0.521386
vt 0.911648 0.520252
vt 0.961064 0.475845
vt 0.980087 0.475082
vt 0.980087 0.475931
vt 0.963121 0.475005
vt 0.945870 0.475057
vt 0.941978 0.475903
vt 0.759184 0.484608
vt 0.782620 0.484003
vt 0.771732 0.484844
vt 0.780536 0.482252
vt 0.759184 0.489539
vt 0.759184 0.486592
vt 0.774356 0.488032
vt 0.801167 0.484031
vt 0.789342 0.488922
vt 0.811010 0.481856
vt 0.780357 0.491330
vt 0.832286 0.483663
vt 0.810832 0.490933
vt 0.816109 0.484905
vt 0.807628 0.488950
vt 0.832286 0.486592
vt 0.832239 0.488577
vt 0.818797 0.488108
vt 0.613445 0.519432
vt 0.603720 0.520371
vt 0.603720 0.518461
vt 0.622477 0.519005
vt 0.926502 0.477127
vt 0.911648 0.476666
vt 0.919660 0.476480
vt 0.616833 0.517507
vt 0.924869 0.478393
vt 0.635345 0.518066
vt 0.937693 0.477295
vt 0.633928 0.519174
vt 0.943389 0.478951
vt 0.648573 0.519809
vt 0.956500 0.477998
vt 0.722780 0.508190
vt 0.722780 0.508733
vt 0.712439 0.508195
vt 0.946978 0.476869
vt 0.956500 0.476104
vt 0.904879 0.523928
vt 0.921005 0.523340
vt 0.913539 0.524008
vt 0.919496 0.522126
vt 0.904879 0.526945
vt 0.904879 0.524876
vt 0.915362 0.525791
vt 0.933362 0.523252
vt 0.925386 0.526327
vt 0.939964 0.521675
vt 0.919018 0.528077
vt 0.954115 0.522807
vt 0.939495 0.527626
vt 0.943388 0.523788
vt 0.937723 0.526223
vt 0.954115 0.524876
vt 0.954111 0.525823
vt 0.945212 0.525571
vt 0.820755 0.500713
vt 0.812960 0.501492
vt 0.812960 0.499966
vt 0.827998 0.500365
vt 0.824656 0.497734
vt 0.812960 0.497386
vt 0.819291 0.497233
vt 0.823630 0.499171
vt 0.823193 0.498759
vt 0.838427 0.499568
vt 0.833677 0.497837
vt 0.837280 0.500468
vt 0.838233 0.499171
vt 0.848914 0.500940
vt 0.848914 0.498360
vt 0.546471 0.525561
vt 0.546471 0.525989
vt 0.538462 0.525565
vt 0.841189 0.497489
vt 0.848914 0.496834
vt 0.135979 0.529689
vt 0.128240 0.530406
vt 0.128240 0.528851
vt 0.143582 0.529390
vt 0.964171 0.518230
vt 0.952247 0.517774
vt 0.958552 0.517666
vt 0.139118 0.528137
vt 0.963057 0.519256
vt 0.154473 0.528676
vt 0.973570 0.518413
vt 0.152947 0.529573
vt 0.978221 0.519780
vt 0.165007 0.530159
vt 0.988969 0.519065
vt 0.397160 0.530015
vt 0.397160 0.530459
vt 0.388118 0.530020
vt 0.981117 0.518114
vt 0.988969 0.517526
vt 0.849309 0.527995
vt 0.862552 0.527517
vt 0.856379 0.528059
vt 0.861225 0.526511
vt 0.927736 0.470466
vt 0.927736 0.468750
vt 0.936316 0.469504
vt 0.872577 0.527428
vt 0.944573 0.469943
vt 0.877925 0.526106
vt 0.939368 0.471389
vt 0.889844 0.527044
vt 0.956351 0.470999
vt 0.881083 0.527851
vt 0.954869 0.469854
vt 0.889844 0.528745
vt 0.968264 0.469500
vt 0.960768 0.469297
vt 0.911648 0.495040
vt 0.925665 0.494524
vt 0.919236 0.495114
vt 0.924347 0.493445
vt 0.911648 0.492037
vt 0.911648 0.490208
vt 0.920995 0.491004
vt 0.936729 0.494420
vt 0.929763 0.491460
vt 0.942110 0.493024
vt 0.924323 0.493024
vt 0.954756 0.493995
vt 0.942322 0.492587
vt 0.945486 0.494875
vt 0.940580 0.491371
vt 0.954756 0.495824
vt 0.954760 0.490992
vt 0.947007 0.490782
vt 0.920843 0.503174
vt 0.911648 0.504126
vt 0.911648 0.502341
vt 0.929572 0.502714
vt 0.925491 0.499773
vt 0.911648 0.499435
vt 0.919116 0.499205
vt 0.924053 0.501354
vt 0.923844 0.500971
vt 0.941708 0.501736
vt 0.936250 0.499845
vt 0.940338 0.502786
vt 0.941509 0.501354
vt 0.953937 0.503256
vt 0.953933 0.500350
vt 0.986975 0.481191
vt 0.986975 0.481701
vt 0.978175 0.481196
vt 0.945009 0.499369
vt 0.953933 0.498566
vt 0.641711 0.487489
vt 0.634519 0.487089
vt 0.641711 0.487086
vt 0.963650 0.510643
vt 0.952672 0.511032
vt 0.962644 0.509788
vt 0.952830 0.508252
vt 0.952830 0.506809
vt 0.959963 0.507460
vt 0.972374 0.510585
vt 0.967125 0.507833
vt 0.976909 0.509493
vt 0.962849 0.509060
vt 0.986942 0.510302
vt 0.977096 0.508749
vt 0.979567 0.510974
vt 0.975878 0.507791
vt 0.986942 0.511745
vt 0.987096 0.507522
vt 0.981026 0.507330
vt 0.920601 0.513944
vt 0.911648 0.514877
vt 0.911648 0.513141
vt 0.929058 0.513500
vt 0.925275 0.510655
vt 0.911648 0.510347
vt 0.919130 0.510120
vt 0.923514 0.512185
vt 0.923603 0.511819
vt 0.940702 0.512535
vt 0.935506 0.510727
vt 0.939333 0.513556
vt 0.940750 0.512185
vt 0.952651 0.514023
vt 0.952671 0.511214
vt 0.945490 0.514090
vt 0.944015 0.510267
vt 0.952671 0.509493
vt 0.479585 0.528948
vt 0.471203 0.529717
vt 0.471203 0.528066
vt 0.487639 0.528617
vt 0.658508 0.528106
vt 0.645553 0.527622
vt 0.652376 0.527509
vt 0.482699 0.527288
vt 0.657129 0.529201
vt 0.498928 0.527860
vt 0.668427 0.528305
vt 0.497559 0.528816
vt 0.673612 0.529773
vt 0.510758 0.529439
vt 0.685108 0.528995
vt 0.174709 0.529649
vt 0.174709 0.530126
vt 0.165154 0.529654
vt 0.676482 0.527974
vt 0.685108 0.527344
vt 0.959719 0.506149
vt 0.952842 0.506809
vt 0.952842 0.505461
vt 0.966308 0.505865
vt 0.151813 0.525916
vt 0.141232 0.525562
vt 0.146871 0.525447
vt 0.962325 0.504794
vt 0.150777 0.526821
vt 0.975551 0.505204
vt 0.159934 0.526050
vt 0.974437 0.505999
vt 0.164002 0.527247
vt 0.984843 0.506462
vt 0.173236 0.526580
vt 0.443739 0.508703
vt 0.443739 0.509082
vt 0.436247 0.508707
vt 0.166525 0.525766
vt 0.173236 0.525215
vt 0.960590 0.499861
vt 0.953933 0.500535
vt 0.953933 0.499250
vt 0.966752 0.499544
vt 0.964175 0.522475
vt 0.954115 0.522215
vt 0.959482 0.522070
vt 0.962952 0.498566
vt 0.963133 0.523330
vt 0.975513 0.498864
vt 0.971619 0.522545
vt 0.974444 0.499614
vt 0.975475 0.523645
vt 0.984306 0.499996
vt 0.984389 0.522944
vt 0.978787 0.500035
vt 0.977984 0.522228
vt 0.984389 0.521675
vt 0.519851 0.530600
vt 0.510758 0.531043
vt 0.518714 0.529940
vt 0.526571 0.530476
vt 0.530064 0.529546
vt 0.293697 0.530700
vt 0.293697 0.529543
vt 0.299654 0.529981
vt 0.538193 0.530083
vt 0.305211 0.530210
vt 0.532390 0.530705
vt 0.301826 0.531236
vt 0.538193 0.531240
vt 0.313176 0.530843
vt 0.312214 0.530071
vt 0.321132 0.529739
vt 0.974220 0.471657
vt 0.968264 0.472201
vt 0.968264 0.471015
vt 0.980218 0.471453
vt 0.976569 0.470475
vt 0.976767 0.470018
vt 0.968263 0.468859
vt 0.977727 0.469232
vt 0.988577 0.470932
vt 0.984877 0.469397
vt 0.987370 0.471618
vt 0.988773 0.470475
vt 0.997089 0.472092
vt 0.997089 0.469936
vt 0.990838 0.469176
vt 0.997089 0.468750
vt 0.989239 0.476834
vt 0.997229 0.476765
vt 0.990221 0.477464
vt 0.992766 0.476596
vt 0.983349 0.476798
vt 0.980449 0.477538
vt 0.090582 0.531012
vt 0.085295 0.530458
vt 0.090582 0.530100
vt 0.973742 0.476958
vt 0.080509 0.530167
vt 0.978566 0.476507
vt 0.083873 0.529520
vt 0.973742 0.476046
vt 0.074100 0.529594
vt 0.074622 0.530132
vt 0.067095 0.530293
vt 0.071173 0.530386
vt 0.797396 0.492364
vt 0.817394 0.492473
vt 0.797396 0.493112
vt 0.603721 0.520449
vt 0.624336 0.520371
vt 0.624336 0.521096
vt 0.779025 0.525505
vt 0.793803 0.526430
vt 0.783184 0.526430
vt 0.779025 0.527355
vt 0.455680 0.529227
vt 0.470758 0.528302
vt 0.466607 0.529227
vt 0.470758 0.530152
vt 0.973502 0.501299
vt 0.953933 0.501167
vt 0.973502 0.500535
vt 0.976005 0.495638
vt 0.954756 0.495687
vt 0.954756 0.494986
vt 0.632763 0.493018
vt 0.632754 0.493055
vt 0.620264 0.493055
vt 0.620273 0.493018
vt 0.632754 0.492984
vt 0.620264 0.492984
vt 0.443739 0.510257
vt 0.443848 0.508703
vt 0.461792 0.508866
vt 0.461697 0.510259
vt 0.471203 0.509339
vt 0.461792 0.511658
vt 0.471203 0.511189
vt 0.443848 0.511819
vt 0.327317 0.528104
vt 0.313402 0.527037
vt 0.327401 0.526906
vt 0.313329 0.528105
vt 0.306435 0.527396
vt 0.313402 0.529179
vt 0.641541 0.485524
vt 0.641541 0.486595
vt 0.634519 0.486206
vt 0.327401 0.529292
vt 0.630488 0.489248
vt 0.630087 0.489289
vt 0.617599 0.489289
vt 0.618000 0.489247
vt 0.630087 0.489210
vt 0.617599 0.489210
vt 0.954760 0.492180
vt 0.974062 0.492171
vt 0.974062 0.493017
vt 0.465765 0.521398
vt 0.454043 0.520865
vt 0.466230 0.520865
vt 0.845725 0.486384
vt 0.832286 0.485805
vt 0.845725 0.485800
vt 0.952830 0.509482
vt 0.952830 0.509060
vt 0.962900 0.509064
vt 0.970224 0.514875
vt 0.962445 0.514440
vt 0.972298 0.514440
vt 0.985175 0.492641
vt 0.974062 0.492175
vt 0.985175 0.492171
vt 0.843056 0.476095
vt 0.831420 0.475581
vt 0.843056 0.475576
vt 0.955461 0.484570
vt 0.955461 0.484067
vt 0.967072 0.484072
vt 0.930750 0.476099
vt 0.921192 0.475697
vt 0.930750 0.475693
vt 0.967072 0.484570
vt 0.967072 0.484083
vt 0.978429 0.484088
vt 0.388119 0.530483
vt 0.377502 0.530016
vt 0.388119 0.530015
vt 0.961060 0.520151
vt 0.952247 0.519780
vt 0.961060 0.519780
vt 0.961060 0.520151
vt 0.961060 0.519794
vt 0.969575 0.519797
vt 0.903923 0.476085
vt 0.889740 0.475768
vt 0.896646 0.475764
vt 0.903923 0.475762
vt 0.441512 0.509420
vt 0.435968 0.509082
vt 0.640193 0.488381
vt 0.634519 0.488007
vt 0.640193 0.487945
vt 0.641469 0.498164
vt 0.641469 0.498425
vt 0.635562 0.498167
vt 0.878161 0.475577
vt 0.878161 0.476085
vt 0.866550 0.476081
vt 0.819556 0.476086
vt 0.819556 0.475576
vt 0.831420 0.476080
vt 0.963924 0.504794
vt 0.963924 0.504317
vt 0.974999 0.504789
vt 0.972548 0.511745
vt 0.972548 0.512172
vt 0.962727 0.512167
vt 0.896177 0.529909
vt 0.896177 0.530385
vt 0.885571 0.530381
vt 0.952842 0.504794
vt 0.952842 0.504318
vt 0.963924 0.504789
vt 0.969257 0.517123
vt 0.969257 0.517485
vt 0.960742 0.517481
vt 0.973128 0.490001
vt 0.982877 0.489325
vt 0.982877 0.490102
vt 0.326820 0.525769
vt 0.326820 0.525177
vt 0.339414 0.525763
vt 0.867481 0.530697
vt 0.867481 0.529909
vt 0.885571 0.530689
vt 0.978175 0.481191
vt 0.978175 0.481684
vt 0.966826 0.481679
vt 0.817394 0.492767
vt 0.832135 0.493107
vt 0.824586 0.493108
vt 0.817394 0.493112
vt 0.977526 0.517123
vt 0.977526 0.517485
vt 0.969258 0.517481
vt 0.911648 0.476104
vt 0.911648 0.475693
vt 0.921192 0.476099
vt 0.634519 0.488720
vt 0.640175 0.488381
vt 0.640175 0.488809
vt 0.435968 0.510417
vt 0.435968 0.510088
vt 0.443162 0.510413
vt 0.635562 0.498164
vt 0.641478 0.498161
vt 0.634519 0.487005
vt 0.641074 0.486595
vt 0.641074 0.487086
vt 0.952255 0.517502
vt 0.952255 0.517123
vt 0.960742 0.517498
vt 0.668601 0.503432
vt 0.668566 0.504129
vt 0.665190 0.504129
vt 0.672070 0.504935
vt 0.675446 0.504935
vt 0.665226 0.503432
vt 0.668566 0.502717
vt 0.665190 0.502717
vt 0.672070 0.501917
vt 0.675446 0.501917
vt 0.841807 0.488581
vt 0.846178 0.487654
vt 0.846222 0.488581
vt 0.841764 0.487654
vt 0.836653 0.486592
vt 0.832239 0.486592
vt 0.841764 0.489504
vt 0.846178 0.489504
vt 0.836653 0.490537
vt 0.832239 0.490537
vt 0.649796 0.501917
vt 0.625132 0.501774
vt 0.630310 0.500648
vt 0.652406 0.500774
vt 0.674801 0.500734
vt 0.674801 0.501870
vt 0.961889 0.472308
vt 0.946505 0.471498
vt 0.965774 0.471462
vt 0.944704 0.472339
vt 0.927736 0.472242
vt 0.927736 0.471389
vt 0.955467 0.480536
vt 0.940864 0.480337
vt 0.942551 0.479165
vt 0.947382 0.480820
vt 0.929817 0.480364
vt 0.924609 0.478951
vt 0.945713 0.482771
vt 0.955461 0.481761
vt 0.955461 0.483494
vt 0.911648 0.480028
vt 0.936664 0.483304
vt 0.920765 0.480897
vt 0.942508 0.484570
vt 0.911648 0.481761
vt 0.924487 0.484372
vt 0.925624 0.483331
vt 0.911648 0.482986
vt 0.028640 0.530035
vt 0.037752 0.529539
vt 0.037752 0.530051
vt 0.954825 0.485571
vt 0.954825 0.487397
vt 0.945469 0.486572
vt 0.936706 0.486123
vt 0.954835 0.488231
vt 0.940822 0.488726
vt 0.947254 0.488145
vt 0.942142 0.484570
vt 0.942121 0.489793
vt 0.924104 0.484985
vt 0.929742 0.488818
vt 0.925871 0.486199
vt 0.924352 0.490208
vt 0.911648 0.486563
vt 0.911648 0.489207
vt 0.919431 0.486779
vt 0.920957 0.488353
vt 0.911648 0.487397
vt 0.306435 0.527826
vt 0.306435 0.529543
vt 0.297820 0.528793
vt 0.289569 0.528360
vt 0.978429 0.484083
vt 0.987525 0.484548
vt 0.978429 0.484551
vt 0.294593 0.526906
vt 0.252924 0.528116
vt 0.266102 0.527623
vt 0.254277 0.529124
vt 0.277894 0.527324
vt 0.242847 0.528209
vt 0.279485 0.528470
vt 0.237650 0.529542
vt 0.266102 0.528825
vt 0.225659 0.528621
vt 0.273241 0.529019
vt 0.234539 0.527793
vt 0.225659 0.526906
vt 0.117168 0.528693
vt 0.128240 0.530185
vt 0.116051 0.529712
vt 0.121677 0.530282
vt 0.106895 0.529519
vt 0.101948 0.528137
vt 0.447809 0.529005
vt 0.455680 0.528302
vt 0.455680 0.529838
vt 0.091172 0.528836
vt 0.440244 0.529295
vt 0.099325 0.529809
vt 0.444905 0.530538
vt 0.091172 0.530389
vt 0.429416 0.529981
vt 0.430822 0.529101
vt 0.972298 0.514867
vt 0.981277 0.514863
vt 0.418614 0.528505
vt 0.713186 0.527934
vt 0.724536 0.529525
vt 0.711650 0.529024
vt 0.717700 0.529628
vt 0.701757 0.528830
vt 0.696759 0.527344
vt 0.358458 0.528215
vt 0.366848 0.527459
vt 0.366848 0.529107
vt 0.685108 0.528106
vt 0.350393 0.528536
vt 0.693618 0.529135
vt 0.355317 0.529869
vt 0.685108 0.529755
vt 0.339059 0.529279
vt 0.340444 0.528326
vt 0.719407 0.530232
vt 0.719407 0.529755
vt 0.728900 0.530227
vt 0.327457 0.527689
vt 0.952255 0.515829
vt 0.952255 0.517526
vt 0.943415 0.516761
vt 0.935159 0.516330
vt 0.952247 0.518323
vt 0.939013 0.518799
vt 0.945187 0.518250
vt 0.940327 0.514877
vt 0.940308 0.519807
vt 0.923589 0.515262
vt 0.928683 0.518860
vt 0.925109 0.516407
vt 0.923287 0.520175
vt 0.911648 0.516730
vt 0.911648 0.519240
vt 0.918924 0.516940
vt 0.920431 0.518428
vt 0.911648 0.517526
vt 0.975129 0.491377
vt 0.976314 0.490522
vt 0.984829 0.491665
vt 0.979465 0.491804
vt 0.967447 0.491298
vt 0.963771 0.490208
vt 0.978471 0.493675
vt 0.984834 0.493024
vt 0.984834 0.494296
vt 0.954760 0.490883
vt 0.972056 0.493985
vt 0.961292 0.491608
vt 0.975788 0.494986
vt 0.954760 0.492171
vt 0.963265 0.494656
vt 0.964629 0.493906
vt 0.954756 0.493530
vt 0.960025 0.493495
vt 0.141232 0.526085
vt 0.141232 0.528137
vt 0.130082 0.527409
vt 0.119866 0.527066
vt 0.126387 0.525215
vt 0.762169 0.526448
vt 0.779025 0.525603
vt 0.764008 0.527627
vt 0.105882 0.526016
vt 0.749631 0.526746
vt 0.107379 0.527365
vt 0.743373 0.528427
vt 0.091172 0.528039
vt 0.728979 0.527542
vt 0.739473 0.526403
vt 0.728979 0.525505
vt 0.624336 0.520371
vt 0.637867 0.521135
vt 0.624336 0.521162
vt 0.637858 0.522881
vt 0.637858 0.525574
vt 0.623758 0.524227
vt 0.396772 0.523861
vt 0.418614 0.523326
vt 0.398590 0.525473
vt 0.609744 0.523404
vt 0.379706 0.523814
vt 0.617982 0.521187
vt 0.370466 0.525804
vt 0.589867 0.521519
vt 0.350679 0.524127
vt 0.592679 0.523358
vt 0.365719 0.522992
vt 0.569882 0.523666
vt 0.350679 0.521417
vt 0.582294 0.524119
vt 0.952830 0.508686
vt 0.939284 0.508344
vt 0.940645 0.507180
vt 0.945425 0.508888
vt 0.928778 0.508276
vt 0.923754 0.506809
vt 0.943947 0.505034
vt 0.952842 0.504126
vt 0.952842 0.505850
vt 0.911648 0.507753
vt 0.935465 0.505485
vt 0.920336 0.508711
vt 0.940687 0.506809
vt 0.911648 0.509493
vt 0.923837 0.506422
vt 0.924987 0.505400
vt 0.911648 0.504932
vt 0.918861 0.504856
vt 0.020395 0.529992
vt 0.028640 0.531158
vt 0.019524 0.530775
vt 0.012131 0.530601
vt 0.008763 0.529539
vt 0.061003 0.530053
vt 0.067095 0.529520
vt 0.067095 0.530719
vt -0.000000 0.530050
vt 0.055224 0.530267
vt 0.006361 0.530814
vt 0.058329 0.531230
vt -0.000000 0.531249
vt 0.046430 0.530776
vt 0.047839 0.530093
vt 0.038454 0.529611
vt 0.976059 0.484931
vt 0.984701 0.486072
vt 0.974782 0.485768
vt 0.979458 0.486195
vt 0.967308 0.485674
vt 0.963549 0.484570
vt 0.978375 0.488031
vt 0.984712 0.487397
vt 0.984712 0.488667
vt 0.954825 0.485228
vt 0.972216 0.488325
vt 0.961149 0.485967
vt 0.975988 0.489325
vt 0.954825 0.486498
vt 0.963478 0.488964
vt 0.964742 0.488231
vt 0.954835 0.487822
vt 0.634519 0.489203
vt 0.634519 0.488841
vt 0.641179 0.489200
vt 0.545237 0.528106
vt 0.545237 0.529546
vt 0.537960 0.528888
vt 0.530849 0.528506
vt 0.847576 0.511279
vt 0.836322 0.511653
vt 0.841483 0.511199
vt 0.535341 0.527288
vt 0.837543 0.512492
vt 0.520979 0.527565
vt 0.827546 0.511684
vt 0.522068 0.528538
vt 0.823268 0.512785
vt 0.510758 0.528794
vt 0.812960 0.511967
vt 0.516799 0.528976
vt 0.820629 0.511304
vt 0.812960 0.510527
vt 0.293697 0.530090
vt 0.293697 0.531250
vt 0.287606 0.530802
vt 0.282105 0.530566
vt 0.285707 0.529543
vt 0.244122 0.530189
vt 0.253255 0.529772
vt 0.245067 0.530868
vt 0.274283 0.529923
vt 0.237101 0.530320
vt 0.275116 0.530681
vt 0.233643 0.531249
vt 0.266102 0.531019
vt 0.225659 0.530702
vt 0.231599 0.530084
vt 0.225659 0.529542
vt 0.848766 0.491777
vt 0.848766 0.492726
vt 0.843842 0.492353
vt 0.839156 0.492167
vt 0.639434 0.498425
vt 0.641030 0.498682
vt 0.635562 0.498682
vt 0.842108 0.491330
vt 0.988706 0.478088
vt 0.996012 0.477742
vt 0.989610 0.478631
vt 0.832858 0.491634
vt 0.983084 0.478189
vt 0.833584 0.492253
vt 0.980277 0.478935
vt 0.826439 0.492523
vt 0.973742 0.478488
vt 0.830253 0.492600
vt 0.978476 0.477988
vt 0.973742 0.477538
vt 0.207604 0.528938
vt 0.207604 0.530277
vt 0.200654 0.529786
vt 0.194066 0.529531
vt 0.198102 0.528323
vt 0.815594 0.529056
vt 0.826143 0.528538
vt 0.816685 0.529843
vt 0.184771 0.528829
vt 0.807289 0.529234
vt 0.185789 0.529709
vt 0.803319 0.530333
vt 0.175304 0.530118
vt 0.793869 0.529734
vt 0.800696 0.528995
vt 0.793869 0.528379
vt 0.418614 0.525155
vt 0.418614 0.521489
vt 0.438862 0.521489
vt 0.438862 0.525154
vt 0.469530 0.525083
vt 0.448399 0.521466
vt 0.469530 0.521417
vt 0.640246 0.524042
vt 0.648573 0.520371
vt 0.648573 0.524039
vt 0.640246 0.520374
vt 0.849274 0.493115
vt 0.849274 0.496783
vt 0.838129 0.496780
vt 0.838129 0.493112
vt 0.350679 0.485524
vt 0.677624 0.481856
vt 0.677624 0.485524
vt 0.350679 0.481856
vt 0.350679 0.472435
vt 0.454552 0.472436
vt 0.350679 0.476103
vt 0.454552 0.476104
vt 0.477182 0.472430
vt 0.477182 0.476098
vt 0.791399 0.476098
vt 0.791399 0.472430
vt 0.838129 0.496780
vt 0.713477 0.496780
vt 0.713477 0.493112
vt 0.838129 0.493112
vt 0.634519 0.489203
vt 0.604720 0.485524
vt 0.634519 0.485535
vt 0.604720 0.489192
vt 0.350679 0.476104
vt 0.728979 0.525120
vt 0.650815 0.521452
vt 0.728979 0.521452
vt 0.650815 0.525120
vt 0.048306 0.488143
vt 0.000000 0.481912
vt 0.048306 0.483311
vt 0.000000 0.490597
vt 0.058958 0.477796
vt 0.030909 0.492175
vt 0.075578 0.481484
vt 0.069602 0.489410
vt 0.115831 0.481818
vt 0.064672 0.492199
vt 0.079215 0.489994
vt 0.058958 0.474603
vt 0.099465 0.490008
vt 0.161276 0.468847
vt 0.127775 0.483254
vt 0.022596 0.468750
vt 0.022596 0.472843
vt 0.161276 0.488270
vt 0.127775 0.486641
vt 0.175304 0.489677
vt 0.089859 0.493597
vt 0.175304 0.496097
vt 0.166990 0.496782
vt 0.089859 0.503389
vt 0.166990 0.504487
vt 0.120761 0.508612
vt 0.175304 0.505006
vt 0.175304 0.525215
vt 0.120761 0.525177
vt 0.848384 0.525120
vt 0.793869 0.525120
vt 0.793869 0.521452
vt 0.848384 0.521452
vt 0.604553 0.492958
vt 0.641739 0.489289
vt 0.641739 0.492957
vt 0.604553 0.489289
vt 0.416074 0.521417
vt 0.441919 0.517749
vt 0.441919 0.521417
vt 0.416074 0.517749
vt 0.382329 0.521417
vt 0.382329 0.517749
vt 0.350679 0.521417
vt 0.350679 0.517749
vt 0.633583 0.508804
vt 0.673964 0.505136
vt 0.673964 0.508804
vt 0.633583 0.505136
vt 0.468986 0.517725
vt 0.402347 0.517749
vt 0.468986 0.514057
vt 0.402347 0.514081
vt 0.350679 0.517749
vt 0.350679 0.514081
vt 0.861519 0.472418
vt 0.927736 0.468750
vt 0.927736 0.472418
vt 0.861519 0.468750
vt 0.593542 0.472430
vt 0.509083 0.472418
vt 0.593542 0.468762
vt 0.861519 0.468761
vt 0.861519 0.472429
vt 0.509083 0.468750
vt 0.350679 0.468751
vt 0.350679 0.472419
vt 0.650815 0.518303
vt 0.791302 0.514634
vt 0.791302 0.518302
vt 0.650815 0.514635
vt 0.471203 0.521182
vt 0.471203 0.517514
vt 0.494436 0.521187
vt 0.494436 0.517519
vt 0.549226 0.521187
vt 0.549226 0.517519
vt 0.603720 0.521175
vt 0.603720 0.517507
vt 0.296114 0.485313
vt 0.350679 0.489060
vt 0.342362 0.489557
vt 0.350679 0.468853
vt 0.296114 0.468750
vt 0.265200 0.490455
vt 0.342362 0.497261
vt 0.265200 0.500246
vt 0.350679 0.497967
vt 0.350679 0.504387
vt 0.274810 0.503859
vt 0.240002 0.501578
vt 0.336645 0.505757
vt 0.254552 0.503821
vt 0.303131 0.507299
vt 0.206226 0.501515
vt 0.303131 0.510685
vt 0.223630 0.505592
vt 0.336646 0.525177
vt 0.175304 0.503013
vt 0.223630 0.505993
vt 0.175304 0.511696
vt 0.223630 0.510423
vt 0.250912 0.512320
vt 0.234286 0.515964
vt 0.291182 0.512091
vt 0.234286 0.519158
vt 0.197909 0.524915
vt 0.197909 0.520823
vt 0.471203 0.493058
vt 0.633502 0.497483
vt 0.471203 0.497486
vt 0.633502 0.493055
vt 0.771562 0.525002
vt 0.793752 0.524902
vt 0.774907 0.525505
vt 0.786038 0.524562
vt 0.751256 0.524567
vt 0.793869 0.523474
vt 0.748071 0.524908
vt 0.786082 0.523475
vt 0.728979 0.523482
vt 0.774660 0.522032
vt 0.736766 0.523481
vt 0.771584 0.522390
vt 0.736802 0.522394
vt 0.751177 0.521938
vt 0.728979 0.522038
vt 0.747941 0.521452
vt 0.210689 0.528323
vt 0.175304 0.526753
vt 0.225659 0.526747
vt 0.189727 0.527855
vt 0.225547 0.527850
vt 0.175304 0.525633
vt 0.211124 0.525629
vt 0.190266 0.525177
vt 0.505485 0.524106
vt 0.505485 0.521414
vt 0.569882 0.524105
vt 0.569882 0.521412
vt 0.478739 0.523880
vt 0.496396 0.524333
vt 0.471203 0.522761
vt 0.478739 0.521641
vt 0.496396 0.521187
vt 0.838668 0.513690
vt 0.825899 0.513677
vt 0.838668 0.512797
vt 0.825899 0.512785
vt 0.812960 0.513690
vt 0.812960 0.512798
vt 0.979696 0.503529
vt 0.995799 0.503528
vt 0.979664 0.504087
vt 0.995767 0.504087
vt 0.979696 0.504664
vt 0.995799 0.504664
vt 0.959563 0.526255
vt 0.961766 0.527358
vt 0.954111 0.526255
vt 0.979849 0.527828
vt 0.979849 0.524876
vt 0.965956 0.525233
vt 0.791399 0.474003
vt 0.825681 0.475349
vt 0.798935 0.475122
vt 0.816592 0.475576
vt 0.825681 0.472657
vt 0.798935 0.472884
vt 0.816592 0.472430
vt 0.890078 0.475348
vt 0.890078 0.472655
vt 0.663732 0.530788
vt 0.654611 0.529773
vt 0.663732 0.529782
vt 0.654611 0.530779
vt 0.645553 0.529783
vt 0.645553 0.530788
vt 0.723348 0.508608
vt 0.723348 0.507587
vt 0.732407 0.508599
vt 0.732407 0.507577
vt 0.741528 0.508608
vt 0.741528 0.507586
vt 0.418006 0.528257
vt 0.403767 0.527459
vt 0.418048 0.527459
vt 0.403726 0.528257
vt 0.418048 0.529064
vt 0.403767 0.529064
vt 0.551401 0.524333
vt 0.538462 0.525238
vt 0.538462 0.524346
vt 0.551401 0.525225
vt 0.564170 0.524346
vt 0.564170 0.525237
vt 0.723348 0.503342
vt 0.723348 0.500130
vt 0.743343 0.503341
vt 0.743343 0.500130
vt 0.845784 0.526754
vt 0.830426 0.528379
vt 0.809122 0.525120
vt 0.845776 0.527906
vt 0.830726 0.525604
vt 0.793869 0.526760
vt 0.793869 0.525608
vt 0.808919 0.527910
vt 0.728979 0.529617
vt 0.760402 0.529617
vt 0.728991 0.530346
vt 0.760414 0.530346
vt 0.728979 0.531062
vt 0.760402 0.531062
vt 0.173236 0.527456
vt 0.165154 0.528451
vt 0.165175 0.527247
vt 0.173219 0.528449
vt 0.173236 0.529420
vt 0.165175 0.529649
vt 0.812960 0.502630
vt 0.838816 0.501815
vt 0.838540 0.503764
vt 0.823600 0.503424
vt 0.849301 0.503422
vt 0.849301 0.502626
vt 0.813115 0.501818
vt 0.823712 0.501492
vt 0.954115 0.524537
vt 0.954115 0.523645
vt 0.966820 0.523647
vt 0.966820 0.524540
vt 0.979823 0.523645
vt 0.979823 0.524537
vt 0.599368 0.481855
vt 0.849309 0.478980
vt 0.849309 0.481855
vt 0.599368 0.478980
vt 0.350679 0.481856
vt 0.350679 0.478981
vt 0.979664 0.503528
vt 0.988511 0.502438
vt 0.988493 0.503528
vt 0.979683 0.502438
vt 0.988493 0.501354
vt 0.979664 0.501354
vt 0.955486 0.481191
vt 0.955467 0.480074
vt 0.980672 0.481191
vt 0.980652 0.480074
vt 0.955486 0.478951
vt 0.980672 0.478951
vt 0.955461 0.482884
vt 0.980674 0.484001
vt 0.955481 0.484001
vt 0.980655 0.482884
vt 0.955481 0.481761
vt 0.980674 0.481761
vt 0.327457 0.530875
vt 0.327457 0.529869
vt 0.336537 0.530877
vt 0.336537 0.529871
vt 0.345637 0.530875
vt 0.345637 0.529869
vt 0.984935 0.529232
vt 0.944965 0.528077
vt 0.984954 0.528077
vt 0.944945 0.529232
vt 0.984954 0.530381
vt 0.944965 0.530381
vt 0.644472 0.528686
vt 0.627330 0.528686
vt 0.644447 0.527229
vt 0.644447 0.530134
vt 0.627305 0.527229
vt 0.627305 0.530134
vt 0.471203 0.530740
vt 0.471203 0.529717
vt 0.480283 0.530741
vt 0.480283 0.529719
vt 0.489383 0.530740
vt 0.489383 0.529717
vt 0.760414 0.530510
vt 0.773119 0.529620
vt 0.773119 0.530512
vt 0.786122 0.529617
vt 0.760414 0.529617
vt 0.786122 0.530510
vt 0.713250 0.514634
vt 0.621582 0.514634
vt 0.621563 0.513533
vt 0.713231 0.513534
vt 0.471203 0.513533
vt 0.554323 0.514634
vt 0.471222 0.514634
vt 0.554304 0.513533
vt 0.546018 0.512411
vt 0.471222 0.512410
vt 0.629895 0.512411
vt 0.713250 0.512411
vt 0.647750 0.505136
vt 0.647750 0.501923
vt 0.665190 0.505130
vt 0.665190 0.501917
vt 0.488562 0.501922
vt 0.488562 0.505136
vt 0.471203 0.501917
vt 0.471203 0.505130
vt 0.986929 0.472430
vt 0.986908 0.473634
vt 0.978887 0.472639
vt 0.978870 0.473632
vt 0.978887 0.474603
vt 0.986929 0.474832
vt 0.505225 0.527287
vt 0.538462 0.524333
vt 0.538462 0.527288
vt 0.471203 0.524333
vt 0.471203 0.527287
vt 0.904879 0.526106
vt 0.849309 0.526106
vt 0.849309 0.521675
vt 0.904879 0.521675
vt 0.627285 0.528434
vt 0.587054 0.527229
vt 0.627305 0.527229
vt 0.587034 0.528434
vt 0.627305 0.529632
vt 0.587054 0.529631
vt 0.604703 0.487403
vt 0.530717 0.486411
vt 0.604720 0.486411
vt 0.530700 0.487403
vt 0.604720 0.488375
vt 0.530717 0.488374
vt 0.454813 0.487412
vt 0.454845 0.489289
vt 0.350711 0.489289
vt 0.350679 0.487412
vt 0.454845 0.485524
vt 0.350711 0.485524
vt 0.720256 0.510306
vt 0.633534 0.509313
vt 0.720273 0.509313
vt 0.633517 0.510306
vt 0.720273 0.511277
vt 0.750352 0.510310
vt 0.633534 0.511277
vt 0.812960 0.511734
vt 0.750377 0.511734
vt 0.812936 0.510310
vt 0.812960 0.508861
vt 0.750377 0.508861
vt 0.849262 0.530337
vt 0.837842 0.528432
vt 0.849262 0.528395
vt 0.837842 0.530375
vt 0.826143 0.528379
vt 0.826143 0.530321
vt 0.766416 0.492617
vt 0.778850 0.493022
vt 0.759184 0.493080
vt 0.782358 0.492570
vt 0.797396 0.492642
vt 0.797396 0.493112
vt 0.979823 0.524171
vt 0.995928 0.524182
vt 0.979830 0.524768
vt 0.995935 0.524780
vt 0.995935 0.523656
vt 0.979830 0.523645
vt 0.963112 0.515188
vt 0.988692 0.515208
vt 0.988692 0.516015
vt 0.977947 0.514877
vt 0.962742 0.517123
vt 0.977939 0.516797
vt 0.952360 0.516776
vt 0.952255 0.515986
vt 0.880485 0.521644
vt 0.880485 0.476152
vt 0.896056 0.476104
vt 0.896056 0.521595
vt 0.911648 0.476174
vt 0.911648 0.521666
vt 0.479509 0.510585
vt 0.633517 0.512410
vt 0.479509 0.512302
vt 0.633517 0.508976
vt 0.471203 0.508861
vt 0.471203 0.509375
vt 0.744391 0.508825
vt 0.778669 0.497934
vt 0.778669 0.507774
vt 0.764387 0.508839
vt 0.744391 0.496834
vt 0.764387 0.496848
vt 0.727113 0.512357
vt 0.709704 0.512280
vt 0.709704 0.511734
vt 0.727113 0.511811
vt 0.744505 0.512304
vt 0.744505 0.511759
vt 0.400944 0.527379
vt 0.418614 0.525902
vt 0.418614 0.527459
vt 0.400944 0.525822
vt 0.391859 0.527406
vt 0.391859 0.525849
vt 0.327457 0.527361
vt 0.327457 0.525804
vt 0.620188 0.527150
vt 0.637858 0.525672
vt 0.637858 0.527229
vt 0.620188 0.525593
vt 0.611103 0.527177
vt 0.611103 0.525620
vt 0.546701 0.527132
vt 0.546701 0.525574
vt 0.366848 0.529989
vt 0.366848 0.527517
vt 0.385270 0.527459
vt 0.385270 0.529930
vt 0.403726 0.527543
vt 0.403726 0.530015
vt 0.849309 0.528745
vt 0.872437 0.529909
vt 0.849309 0.529804
vt 0.872437 0.528849
vt 0.895539 0.529837
vt 0.895539 0.528777
vt 0.207613 0.529912
vt 0.207604 0.529078
vt 0.221895 0.529922
vt 0.221886 0.529088
vt 0.207613 0.528323
vt 0.221895 0.528333
vt 0.641785 0.490731
vt 0.641785 0.485578
vt 0.659692 0.485524
vt 0.641785 0.500539
vt 0.641785 0.495915
vt 0.659692 0.495861
vt 0.659692 0.500484
vt 0.677624 0.495941
vt 0.677624 0.500564
vt 0.659692 0.490676
vt 0.677624 0.485603
vt 0.677624 0.490756
vt 0.963509 0.512496
vt 0.958076 0.513298
vt 0.952651 0.513294
vt 0.952756 0.514084
vt 0.965497 0.512740
vt 0.957894 0.513863
vt 0.978344 0.512185
vt 0.965420 0.514095
vt 0.976172 0.512506
vt 0.963139 0.514431
vt 0.983586 0.512754
vt 0.975982 0.513878
vt 0.989088 0.512516
vt 0.978335 0.514105
vt 0.983655 0.513319
vt 0.989088 0.513323
vt 0.691079 0.511734
vt 0.702466 0.512350
vt 0.687364 0.512277
vt 0.671465 0.512324
vt 0.709704 0.511824
vt 0.671465 0.511793
vt 0.038454 0.529493
vt 0.038454 0.527004
vt 0.057660 0.526944
vt 0.057660 0.529432
vt 0.076893 0.529520
vt 0.076893 0.527032
vt 0.425521 0.497678
vt 0.425521 0.493104
vt 0.441091 0.493055
vt 0.441091 0.497629
vt 0.456684 0.493126
vt 0.456684 0.497700
vt 0.441057 0.502130
vt 0.410953 0.508661
vt 0.410953 0.502224
vt 0.441057 0.508567
vt 0.471203 0.508703
vt 0.471203 0.502266
vt 0.736311 0.485724
vt 0.751921 0.487750
vt 0.736328 0.487679
vt 0.736328 0.493041
vt 0.720757 0.493090
vt 0.751921 0.493112
vt 0.720757 0.487728
vt 0.713477 0.485794
vt 0.713477 0.481926
vt 0.736311 0.481856
vt 0.759184 0.485826
vt 0.759184 0.481958
vt 0.917457 0.497916
vt 0.924988 0.498566
vt 0.911908 0.498175
vt 0.911648 0.497201
vt 0.927166 0.498225
vt 0.917358 0.497201
vt 0.940556 0.497918
vt 0.926690 0.496472
vt 0.943045 0.498178
vt 0.924358 0.496228
vt 0.955495 0.497205
vt 0.942519 0.495824
vt 0.950047 0.497205
vt 0.940237 0.496181
vt 0.949790 0.496474
vt 0.955495 0.496231
vt 0.461535 0.511819
vt 0.438514 0.512840
vt 0.447948 0.512110
vt 0.471203 0.512843
vt 0.471047 0.512112
vt 0.448181 0.513864
vt 0.461613 0.513556
vt 0.438514 0.513554
vt 0.905431 0.475691
vt 0.890078 0.474066
vt 0.926729 0.472430
vt 0.905131 0.472915
vt 0.890086 0.475219
vt 0.941978 0.474071
vt 0.926932 0.475222
vt 0.941978 0.472918
vt 0.379808 0.509934
vt 0.350679 0.511392
vt 0.375592 0.509511
vt 0.410846 0.508735
vt 0.360538 0.511393
vt 0.406872 0.509336
vt 0.350679 0.513275
vt 0.425998 0.509938
vt 0.360586 0.512838
vt 0.435790 0.509517
vt 0.375624 0.514057
vt 0.425931 0.511400
vt 0.379705 0.513440
vt 0.435790 0.511400
vt 0.406776 0.512843
vt 0.410878 0.513281
vt 0.546701 0.530524
vt 0.546701 0.529632
vt 0.559586 0.529632
vt 0.559586 0.530524
vt 0.572398 0.529632
vt 0.572398 0.530524
vt 0.679828 0.529773
vt 0.663841 0.530341
vt 0.663732 0.529773
vt 0.679937 0.530341
vt 0.663732 0.530909
vt 0.679828 0.530909
vt 0.418614 0.526726
vt 0.468954 0.526731
vt 0.433580 0.528302
vt 0.454536 0.527834
vt 0.418727 0.527830
vt 0.468954 0.525611
vt 0.433145 0.525607
vt 0.453997 0.525155
vt 0.849309 0.530915
vt 0.849309 0.529909
vt 0.858504 0.530915
vt 0.858504 0.529909
vt 0.867481 0.530915
vt 0.867481 0.529909
vt 0.719407 0.530778
vt 0.710430 0.529755
vt 0.719407 0.529755
vt 0.710430 0.530778
vt 0.701236 0.529755
vt 0.701236 0.530778
vt 0.749453 0.519877
vt 0.715185 0.518530
vt 0.741920 0.518757
vt 0.724271 0.518303
vt 0.715185 0.521224
vt 0.741920 0.520997
vt 0.724271 0.521452
vt 0.650815 0.518530
vt 0.650815 0.521224
vt 0.904282 0.526917
vt 0.889844 0.526106
vt 0.904119 0.526106
vt 0.890008 0.526917
vt 0.904119 0.527713
vt 0.889844 0.527713
vt 0.585283 0.530524
vt 0.598095 0.529632
vt 0.598095 0.530524
vt 0.585283 0.529632
vt 0.572398 0.530524
vt 0.572398 0.529632
vt 0.743334 0.500130
vt 0.723349 0.496916
vt 0.743334 0.496917
vt 0.723349 0.500130
vt 0.953937 0.504307
vt 0.974214 0.502733
vt 0.972013 0.503837
vt 0.979664 0.502733
vt 0.953937 0.501354
vt 0.967824 0.501711
vt 0.813822 0.521224
vt 0.749453 0.521224
vt 0.749453 0.518530
vt 0.813822 0.518530
vt 0.840557 0.520997
vt 0.822908 0.521452
vt 0.848090 0.519877
vt 0.840557 0.518757
vt 0.822908 0.518303
vt 0.625132 0.501917
vt 0.471203 0.501916
vt 0.625132 0.497486
vt 0.992854 0.520175
vt 0.961485 0.520908
vt 0.961433 0.520175
vt 0.992905 0.520907
vt 0.961433 0.521620
vt 0.992854 0.521620
vt 0.819172 0.518303
vt 0.819172 0.513872
vt 0.846956 0.518303
vt 0.846956 0.513872
vt 0.799607 0.513869
vt 0.799607 0.518300
vt 0.791302 0.518300
vt 0.791302 0.513869
vt 0.904198 0.528911
vt 0.896269 0.527925
vt 0.904282 0.527713
vt 0.896201 0.528913
vt 0.896269 0.529889
vt 0.904282 0.530115
vt 0.980532 0.487393
vt 0.967756 0.487391
vt 0.980532 0.486500
vt 0.967756 0.486498
vt 0.954825 0.487393
vt 0.954825 0.486500
vt 0.599307 0.476105
vt 0.350679 0.478978
vt 0.599307 0.478979
vt 0.849309 0.476106
vt 0.849310 0.478980
vt 0.826439 0.492355
vt 0.759184 0.492355
vt 0.759184 0.491330
vt 0.826439 0.491330
vt 0.985469 0.496914
vt 0.985393 0.497999
vt 0.976565 0.497999
vt 0.976641 0.496914
vt 0.976565 0.495824
vt 0.985393 0.495824
vt 0.354688 0.530875
vt 0.354688 0.529869
vt 0.363816 0.530877
vt 0.363816 0.529871
vt 0.345637 0.529871
vt 0.345637 0.530877
vt 0.944867 0.529226
vt 0.904958 0.528077
vt 0.944946 0.528077
vt 0.904879 0.529226
vt 0.944946 0.530381
vt 0.904958 0.530382
vt 0.973641 0.476046
vt 0.956601 0.477511
vt 0.956500 0.476046
vt 0.956500 0.478951
vt 0.973742 0.477511
vt 0.973641 0.478951
vt 0.507562 0.530741
vt 0.498434 0.529717
vt 0.507562 0.529719
vt 0.498434 0.530740
vt 0.489383 0.529719
vt 0.489383 0.530741
vt 0.614529 0.530524
vt 0.627305 0.529634
vt 0.627305 0.530526
vt 0.614529 0.529632
vt 0.601598 0.530526
vt 0.601598 0.529634
vt 0.728903 0.526237
vt 0.645629 0.525120
vt 0.645553 0.526237
vt 0.728979 0.527343
vt 0.645629 0.527344
vt 0.788118 0.514634
vt 0.713326 0.514634
vt 0.713250 0.513528
vt 0.788042 0.513527
vt 0.788118 0.512410
vt 0.713326 0.512411
vt 0.085067 0.527156
vt 0.076893 0.528142
vt 0.076977 0.526944
vt 0.084999 0.528144
vt 0.085067 0.529120
vt 0.076977 0.529346
vt 0.823234 0.505696
vt 0.836218 0.505694
vt 0.838396 0.506035
vt 0.825679 0.505468
vt 0.843852 0.505467
vt 0.812960 0.504901
vt 0.848932 0.505693
vt 0.818149 0.504901
vt 0.849298 0.504898
vt 0.818414 0.504332
vt 0.843848 0.504898
vt 0.812960 0.504090
vt 0.838659 0.504087
vt 0.825944 0.504088
vt 0.836587 0.504331
vt 0.823869 0.503764
vt 0.586950 0.528427
vt 0.546785 0.527229
vt 0.587034 0.527229
vt 0.546701 0.528427
vt 0.587034 0.529631
vt 0.546785 0.529632
vt 0.424679 0.491176
vt 0.350747 0.490189
vt 0.424747 0.490188
vt 0.350679 0.491176
vt 0.500294 0.491167
vt 0.424747 0.492152
vt 0.350747 0.492152
vt 0.500425 0.493055
vt 0.604553 0.493055
vt 0.604423 0.491167
vt 0.604553 0.489289
vt 0.500425 0.489290
vt 0.650747 0.516079
vt 0.564081 0.515092
vt 0.650815 0.515091
vt 0.564013 0.516079
vt 0.650815 0.517055
vt 0.564081 0.517055
vt 0.533783 0.516075
vt 0.533884 0.517507
vt 0.471304 0.517507
vt 0.471203 0.516075
vt 0.533884 0.514634
vt 0.471304 0.514635
vt 0.801506 0.513676
vt 0.789832 0.511755
vt 0.801506 0.511734
vt 0.789832 0.513697
vt 0.812960 0.513740
vt 0.812960 0.511798
vt 0.762935 0.511904
vt 0.744505 0.512266
vt 0.744505 0.511795
vt 0.759436 0.512357
vt 0.775215 0.512329
vt 0.782385 0.511872
vt 0.701219 0.529786
vt 0.685124 0.530350
vt 0.685108 0.529755
vt 0.701236 0.530380
vt 0.701219 0.530909
vt 0.685108 0.530879
vt 0.812960 0.507935
vt 0.849122 0.507195
vt 0.838347 0.507986
vt 0.823377 0.508281
vt 0.838445 0.506035
vt 0.849003 0.506398
vt 0.823617 0.506347
vt 0.812960 0.507122
vt 0.864925 0.476190
vt 0.849310 0.521589
vt 0.849310 0.476104
vt 0.864925 0.521675
vt 0.880485 0.476162
vt 0.880485 0.521648
vt 0.633583 0.508861
vt 0.479512 0.506853
vt 0.633583 0.505427
vt 0.479512 0.505136
vt 0.471203 0.508555
vt 0.471203 0.508042
vt 0.812960 0.497974
vt 0.778669 0.496834
vt 0.798673 0.496872
vt 0.812960 0.507813
vt 0.778669 0.508824
vt 0.798673 0.508861
vt 0.723348 0.507499
vt 0.737400 0.503420
vt 0.737400 0.507577
vt 0.694994 0.508736
vt 0.677624 0.508769
vt 0.677624 0.508223
vt 0.694994 0.508190
vt 0.712439 0.508835
vt 0.712439 0.508289
vt 0.073539 0.525387
vt 0.073539 0.526944
vt 0.064429 0.526894
vt 0.091172 0.525354
vt 0.064429 0.525337
vt 0.000000 0.526772
vt 0.000000 0.525215
vt 0.091172 0.526911
vt 0.299199 0.525349
vt 0.299199 0.526906
vt 0.290088 0.526856
vt 0.316831 0.525316
vt 0.290088 0.525299
vt 0.225659 0.526734
vt 0.225659 0.525177
vt 0.316831 0.526873
vt 0.960454 0.472533
vt 0.941978 0.474901
vt 0.941978 0.472430
vt 0.960454 0.475005
vt 0.978870 0.472499
vt 0.978870 0.474971
vt 0.728979 0.528471
vt 0.752056 0.529486
vt 0.728979 0.529530
vt 0.752056 0.528427
vt 0.775227 0.529617
vt 0.775227 0.528558
vt 0.638956 0.493065
vt 0.638956 0.497222
vt 0.633502 0.497212
vt 0.793337 0.528218
vt 0.779025 0.527355
vt 0.793313 0.527382
vt 0.779050 0.528191
vt 0.793313 0.528971
vt 0.779025 0.528944
vt 0.677624 0.491662
vt 0.695585 0.496916
vt 0.677624 0.496814
vt 0.695585 0.491251
vt 0.713477 0.491216
vt 0.695585 0.487094
vt 0.713477 0.496882
vt 0.677624 0.486478
vt 0.695585 0.481958
vt 0.713477 0.487059
vt 0.677624 0.481856
vt 0.713477 0.481923
vt 0.838347 0.510232
vt 0.843731 0.509430
vt 0.849122 0.509440
vt 0.836120 0.509983
vt 0.843656 0.508860
vt 0.823377 0.510527
vt 0.849003 0.508644
vt 0.825528 0.510206
vt 0.838445 0.508281
vt 0.818168 0.509947
vt 0.836185 0.508618
vt 0.812960 0.510181
vt 0.823617 0.508593
vt 0.818344 0.509378
vt 0.825704 0.508824
vt 0.812960 0.509368
vt 0.671465 0.512334
vt 0.652044 0.512367
vt 0.671465 0.511796
vt 0.640700 0.511734
vt 0.633517 0.512258
vt 0.655710 0.511824
vt 0.019262 0.527051
vt -0.000000 0.529432
vt -0.000000 0.526944
vt 0.019262 0.529539
vt 0.038454 0.527016
vt 0.038454 0.529504
vt 0.365163 0.504073
vt 0.380780 0.508735
vt 0.365163 0.508647
vt 0.380780 0.504161
vt 0.396338 0.504132
vt 0.396339 0.508706
vt 0.380873 0.499661
vt 0.350679 0.499491
vt 0.350679 0.493055
vt 0.380873 0.493225
vt 0.410953 0.499605
vt 0.410953 0.493169
vt 0.700479 0.497005
vt 0.684862 0.502277
vt 0.684862 0.496917
vt 0.716037 0.496975
vt 0.700479 0.502366
vt 0.716037 0.502336
vt 0.700526 0.504322
vt 0.677624 0.504192
vt 0.723349 0.504278
vt 0.700526 0.508190
vt 0.677624 0.508060
vt 0.723349 0.508146
s 1
usemtl Meshpart1Mtl.010
f 3/1/1 1/2/2 4/3/3
f 4/4/4 2/5/5 5/6/6
f 2/5/5 6/7/7 5/6/6
f 7/8/8 8/9/9 6/10/10
f 8/11/11 9/12/12 10/13/13
f 10/14/14 11/15/15 12/16/16
f 11/15/15 13/17/17 12/16/16
f 14/18/18 3/19/19 13/20/20
f 16/21/21 17/22/22 15/23/23
f 16/21/21 18/24/24 17/22/22
f 18/24/24 20/25/25 17/22/22
f 18/24/24 19/26/26 20/25/25
f 21/27/27 22/28/28 23/29/29
f 25/30/30 24/31/31 22/28/28
f 22/28/28 21/27/27 25/30/30
f 25/30/30 27/32/32 26/33/33
f 21/27/27 27/32/32 25/30/30
f 27/32/32 21/27/27 28/34/34
f 29/35/35 30/36/36 31/37/37
f 30/36/36 29/35/35 32/38/38
f 31/37/37 33/39/39 29/35/35
f 31/37/37 30/36/36 35/40/40
f 31/37/37 35/40/40 34/41/41
f 30/36/36 36/42/42 35/40/40
f 37/43/43 38/44/44 39/45/45
f 38/44/44 37/43/43 40/46/46
f 37/43/43 41/47/47 40/46/46
f 41/47/47 37/43/43 42/48/47
f 42/48/47 43/49/48 41/47/47
f 43/49/48 42/48/47 44/50/49
f 45/51/50 43/49/48 44/50/49
f 45/51/50 44/50/49 46/52/51
f 47/53/52 48/54/53 49/55/54
f 48/54/53 47/53/52 50/56/52
f 51/57/55 49/55/54 48/54/53
f 48/54/53 52/58/56 51/57/55
f 53/59/57 51/57/55 52/58/56
f 52/58/56 54/60/58 53/59/57
f 55/61/59 53/59/57 54/60/58
f 54/60/58 56/62/60 55/61/59
f 57/63/61 59/64/62 58/65/63
f 57/63/61 60/66/62 59/64/62
f 60/66/62 61/67/64 59/64/62
f 60/66/62 62/68/65 61/67/64
f 63/69/66 64/70/67 65/71/68
f 66/72/69 68/73/70 67/74/71
f 69/75/72 70/76/73 71/77/74
f 72/78/75 74/79/76 73/80/77
f 75/81/78 77/82/79 76/83/80
f 78/84/81 79/85/82 80/86/83
f 81/87/84 82/88/85 83/89/86
f 84/90/87 86/91/88 85/92/89
f 87/93/90 88/94/91 89/95/92
f 90/96/93 92/97/94 91/98/95
f 93/99/96 95/100/97 94/101/98
f 96/102/99 98/103/100 97/104/101
f 99/105/102 101/106/103 100/107/104
f 102/108/105 103/109/106 104/110/107
f 103/111/106 105/112/108 104/113/107
f 106/114/109 107/115/110 108/116/111
f 107/115/110 109/117/112 108/116/111
f 112/118/113 110/119/114 111/120/115
f 113/121/116 115/122/117 114/123/118
f 116/124/119 118/125/120 117/126/121
f 119/127/122 121/128/123 120/129/124
f 122/130/125 124/131/126 123/132/127
f 125/133/128 127/134/129 126/135/130
f 128/136/131 130/137/132 129/138/133
f 131/139/134 133/140/135 132/141/136
f 134/142/137 136/143/137 135/144/138
f 134/145/137 137/146/139 136/147/137
f 138/148/140 139/149/141 140/150/142
f 141/151/143 143/152/144 142/153/145
f 145/154/146 144/155/147 146/156/148
f 144/157/147 147/158/149 146/159/148
f 148/160/150 150/161/151 149/162/152
f 151/163/153 153/164/154 152/165/155
f 154/166/156 156/167/157 155/168/158
f 154/166/156 157/169/159 156/167/157
f 158/170/160 160/171/161 159/172/162
f 161/173/163 163/174/164 162/175/165
f 161/173/163 164/176/166 163/174/164
f 167/177/167 166/178/168 165/179/169
f 168/180/170 167/177/167 165/179/169
f 169/181/171 167/177/167 168/180/170
f 167/177/167 169/181/171 170/182/172
f 174/183/173 171/184/174 172/185/175
f 171/184/174 174/183/173 173/186/176
f 174/183/173 175/187/177 173/186/176
f 175/187/177 174/183/173 176/188/178
f 177/189/179 178/190/180 179/191/181
f 178/190/180 177/189/179 181/192/182
f 182/193/183 177/194/184 180/195/185
f 181/192/182 183/196/186 178/190/180
f 184/197/187 182/193/183 180/195/185
f 183/196/186 181/192/182 185/198/188
f 184/197/187 186/199/189 182/193/183
f 185/198/188 187/200/190 183/196/186
f 184/197/187 188/201/191 186/199/189
f 187/200/190 189/202/192 183/196/186
f 188/201/191 184/197/187 190/203/193
f 191/204/194 189/202/192 187/200/190
f 190/203/193 191/205/195 188/201/191
f 191/205/195 190/203/193 192/206/196
f 193/207/197 194/208/198 195/209/199
f 195/209/199 197/210/200 193/207/197
f 198/211/201 194/212/202 196/213/203
f 197/210/200 195/209/199 199/214/204
f 200/215/205 194/212/202 198/211/201
f 197/210/200 199/214/204 201/216/206
f 202/217/207 200/215/205 198/211/201
f 201/216/206 203/218/208 197/210/200
f 200/215/205 202/217/207 204/219/209
f 201/216/206 205/220/210 203/218/208
f 202/217/207 206/221/211 204/219/209
f 203/222/208 205/223/210 207/224/212
f 206/221/211 202/217/207 208/225/213
f 208/225/213 205/226/214 206/221/211
f 209/227/215 210/228/216 211/229/217
f 210/228/216 209/227/215 213/230/218
f 214/231/219 209/232/220 212/233/221
f 213/230/218 215/234/222 210/228/216
f 216/235/223 214/231/219 212/233/221
f 215/234/222 213/230/218 217/236/224
f 216/235/223 218/237/225 214/231/219
f 217/236/224 219/238/226 215/234/222
f 216/235/223 220/239/227 218/237/225
f 219/238/226 221/240/228 215/234/222
f 220/239/227 216/235/223 222/241/229
f 223/242/230 221/240/228 219/238/226
f 222/241/229 223/243/231 220/239/227
f 223/243/231 222/241/229 224/244/232
f 225/245/233 226/246/234 227/247/235
f 227/247/235 229/248/236 225/245/233
f 230/249/237 226/250/238 228/251/239
f 229/248/236 227/247/235 231/252/240
f 232/253/241 226/250/238 230/249/237
f 229/248/236 231/252/240 233/254/242
f 230/249/237 234/255/243 232/253/241
f 229/248/236 233/254/242 235/256/244
f 232/253/241 234/255/243 236/257/245
f 233/254/242 237/258/246 235/256/244
f 234/255/243 238/259/247 236/257/245
f 235/260/244 237/261/246 239/262/248
f 238/259/247 234/255/243 240/263/249
f 240/263/249 237/264/250 238/259/247
f 241/265/251 242/266/252 243/267/253
f 243/267/253 245/268/254 241/265/251
f 246/269/255 242/270/256 244/271/257
f 245/268/254 243/267/253 247/272/258
f 248/273/259 242/270/256 246/269/255
f 245/268/254 247/272/258 249/274/260
f 250/275/261 248/273/259 246/269/255
f 249/274/260 251/276/262 245/268/254
f 248/273/259 250/275/261 252/277/263
f 249/274/260 253/278/264 251/276/262
f 250/275/261 254/279/265 252/277/263
f 251/280/262 253/281/264 255/282/266
f 254/279/265 250/275/261 256/283/267
f 256/283/267 253/284/268 254/279/265
f 257/285/269 258/286/270 259/287/271
f 258/286/270 257/285/269 261/288/272
f 262/289/273 257/290/274 260/291/275
f 261/288/272 263/292/276 258/286/270
f 264/293/277 262/289/273 260/291/275
f 263/292/276 261/288/272 265/294/278
f 262/289/273 264/293/277 266/295/279
f 265/294/278 267/296/280 263/292/276
f 264/293/277 268/297/281 266/295/279
f 267/296/280 269/298/282 263/292/276
f 268/297/281 264/293/277 270/299/283
f 271/300/284 269/298/282 267/296/280
f 270/299/283 271/301/285 268/297/281
f 271/301/285 270/299/283 272/302/286
f 273/303/287 274/304/288 275/305/289
f 274/304/288 273/303/287 277/306/290
f 278/307/291 273/308/292 276/309/293
f 277/306/290 279/310/294 274/304/288
f 280/311/295 278/307/291 276/309/293
f 279/310/294 277/306/290 281/312/296
f 278/307/291 280/311/295 282/313/297
f 281/312/296 283/314/298 279/310/294
f 280/311/295 284/315/299 282/313/297
f 283/314/298 285/316/300 279/310/294
f 284/315/299 280/311/295 286/317/301
f 283/314/298 287/318/302 285/316/300
f 286/317/301 287/319/303 284/315/299
f 287/319/303 286/317/301 288/320/304
f 289/321/305 290/322/306 291/323/307
f 291/323/307 293/324/308 289/321/305
f 294/325/309 290/326/310 292/327/311
f 293/324/308 291/323/307 295/328/312
f 290/326/310 294/325/309 296/329/313
f 293/324/308 295/328/312 297/330/314
f 296/329/313 294/325/309 298/331/315
f 293/324/308 297/330/314 299/332/316
f 296/329/313 298/331/315 300/333/317
f 297/330/314 301/334/318 299/332/316
f 298/331/315 302/335/319 300/333/317
f 299/336/316 301/337/318 303/338/320
f 302/335/319 298/331/315 304/339/321
f 304/339/321 301/340/322 302/335/319
f 305/341/323 306/342/324 307/343/325
f 306/344/324 305/345/323 309/346/326
f 310/347/327 305/348/328 308/349/329
f 309/346/326 311/350/330 306/344/324
f 312/351/331 310/347/327 308/349/329
f 311/350/330 309/346/326 313/352/332
f 312/351/331 314/353/333 310/347/327
f 313/352/332 315/354/334 311/350/330
f 312/351/331 316/355/335 314/353/333
f 315/354/334 317/356/336 311/350/330
f 316/355/335 312/351/331 318/357/337
f 319/358/338 317/356/336 315/354/334
f 318/357/337 319/359/338 316/355/335
f 319/359/338 318/357/337 320/360/339
f 321/361/340 322/362/341 323/363/342
f 323/363/342 325/364/343 321/361/340
f 326/365/344 322/366/345 324/367/346
f 325/364/343 323/363/342 327/368/347
f 322/366/345 326/365/344 328/369/348
f 325/364/343 327/368/347 329/370/349
f 328/369/348 326/365/344 330/371/350
f 325/364/343 329/370/349 331/372/351
f 328/369/348 330/371/350 332/373/352
f 329/370/349 333/374/353 331/372/351
f 330/371/350 334/375/354 332/373/352
f 331/372/351 333/374/353 335/376/355
f 334/375/354 330/371/350 336/377/356
f 336/377/356 333/378/357 334/375/354
f 337/379/358 338/380/359 339/381/360
f 339/381/360 341/382/361 337/379/358
f 342/383/362 338/384/363 340/385/364
f 341/382/361 339/381/360 343/386/365
f 344/387/366 338/384/363 342/383/362
f 341/382/361 343/386/365 345/388/367
f 346/389/368 344/387/366 342/383/362
f 345/388/367 347/390/369 341/382/361
f 344/387/366 346/389/368 348/391/370
f 345/388/367 349/392/371 347/390/369
f 346/389/368 350/393/372 348/391/370
f 347/394/369 349/395/371 351/396/373
f 350/393/372 346/389/368 352/397/374
f 352/397/374 349/398/375 350/393/372
f 353/399/376 354/400/377 355/401/378
f 355/401/378 357/402/379 353/399/376
f 358/403/380 354/404/381 356/405/382
f 357/402/379 355/401/378 359/406/383
f 360/407/384 354/404/381 358/403/380
f 357/402/379 359/406/383 361/408/385
f 362/409/386 360/407/384 358/403/380
f 361/408/385 363/410/387 357/402/379
f 360/407/384 362/409/386 364/411/388
f 361/408/385 365/412/389 363/410/387
f 362/409/386 366/413/390 364/411/388
f 363/414/387 365/415/389 367/416/391
f 366/413/390 362/409/386 368/417/392
f 368/417/392 365/418/393 366/413/390
f 369/419/394 370/420/395 371/421/396
f 371/421/396 373/422/397 369/419/394
f 374/423/398 370/424/399 372/425/400
f 373/422/397 371/421/396 375/426/401
f 374/423/398 376/427/402 370/424/399
f 373/422/397 375/426/401 377/428/403
f 376/427/402 374/423/398 378/429/404
f 373/422/397 377/428/403 379/430/405
f 376/427/402 378/429/404 380/431/406
f 377/428/403 381/432/407 379/430/405
f 378/429/404 382/433/408 380/431/406
f 379/430/405 381/432/407 383/434/409
f 382/433/408 378/429/404 384/435/410
f 384/435/410 381/436/411 382/433/408
f 385/437/412 386/438/413 387/439/414
f 387/439/414 388/440/415 385/437/412
f 388/440/415 387/439/414 390/441/416
f 391/442/417 386/443/418 389/444/419
f 388/440/415 390/441/416 392/445/420
f 393/446/421 391/442/417 389/444/419
f 392/445/420 394/447/422 388/440/415
f 391/442/417 393/446/421 395/448/423
f 392/445/420 396/449/424 394/447/422
f 393/446/421 397/450/425 395/448/423
f 397/450/425 393/446/421 398/451/426
f 398/451/426 396/452/427 397/450/425
f 399/453/428 400/454/429 401/455/430
f 401/455/430 402/456/431 399/453/428
f 402/456/431 401/455/430 404/457/432
f 405/458/433 400/459/434 403/460/435
f 402/456/431 404/457/432 406/461/436
f 407/462/437 405/458/433 403/460/435
f 406/461/436 408/463/438 402/456/431
f 405/458/433 407/462/437 409/464/439
f 406/461/436 410/465/440 408/463/438
f 407/462/437 411/466/441 409/464/439
f 411/466/441 407/462/437 412/467/442
f 412/467/442 410/468/443 411/466/441
f 413/469/444 414/470/445 415/471/446
f 414/470/445 413/469/444 416/472/447
f 415/471/446 417/473/448 413/469/444
f 417/473/448 415/471/446 419/474/449
f 414/475/450 418/476/451 420/477/452
f 417/473/448 419/474/449 421/478/453
f 420/477/452 418/476/451 422/479/454
f 417/473/448 421/478/453 423/480/455
f 424/481/456 420/477/452 422/479/454
f 421/478/453 425/482/457 423/480/455
f 422/479/454 426/483/458 424/481/456
f 426/483/458 422/479/454 428/484/459
f 425/485/460 428/484/459 427/486/461
f 428/484/459 425/485/460 426/483/458
f 430/487/462 429/488/463 431/489/464
f 432/490/465 430/491/466 433/492/467
f 431/493/468 434/494/30 435/495/469
f 434/494/30 436/496/470 435/495/469
f 437/497/471 433/498/472 438/499/473
f 439/500/474 437/497/471 438/499/473
f 441/501/475 440/502/476 439/503/477
f 442/504/478 441/505/479 436/506/480
f 443/507/481 444/508/482 445/509/483
f 443/507/481 445/509/483 446/510/484
f 447/511/485 443/507/481 446/510/484
f 447/511/485 446/510/484 448/512/486
f 452/513/487 450/514/488 449/515/489
f 453/516/471 449/515/489 451/517/490
f 453/516/471 452/513/487 449/515/489
f 455/518/491 452/513/487 453/516/471
f 453/516/471 454/519/492 455/518/491
f 452/513/487 455/518/491 456/520/493
f 460/521/494 457/522/495 458/523/496
f 461/524/497 459/525/498 457/522/495
f 457/522/495 460/521/494 461/524/497
f 460/521/494 463/526/499 461/524/497
f 461/527/497 463/528/499 462/529/500
f 463/526/499 460/521/494 464/530/501
f 467/531/502 465/532/503 466/533/504
f 467/531/502 466/533/504 468/534/505
f 469/535/506 467/531/502 468/534/505
f 469/535/506 468/534/505 470/536/506
f 472/537/507 473/538/508 471/539/509
f 475/540/510 474/541/511 476/542/512
f 477/543/513 478/544/514 479/545/515
f 481/546/516 480/547/517 482/548/518
f 484/549/519 483/550/520 485/551/521
f 486/552/522 487/553/523 488/554/524
f 489/555/525 490/556/526 491/557/527
f 493/558/528 492/559/529 494/560/530
f 495/561/531 496/562/532 497/563/533
f 499/564/534 498/565/535 500/566/536
f 502/567/537 501/568/538 503/569/539
f 505/570/540 504/571/541 506/572/542
f 508/573/543 507/574/544 509/575/545
f 511/576/546 510/577/547 512/578/548
f 511/576/546 512/578/548 513/579/549
f 515/580/550 514/581/551 516/415/552
f 517/582/553 515/583/550 516/584/552
f 518/585/554 519/586/555 520/587/556
f 522/588/557 521/589/558 523/590/559
f 526/591/560 524/592/561 525/593/562
f 529/594/563 527/595/564 528/596/565
f 531/597/566 530/598/567 532/599/568
f 534/600/569 533/601/570 535/602/571
f 538/603/572 536/604/573 537/605/574
f 540/606/575 539/607/576 541/608/577
f 543/609/578 542/610/579 544/611/578
f 545/612/580 543/613/578 544/614/578
f 546/615/581 547/616/582 548/617/583
f 550/618/584 549/619/585 551/620/586
f 553/621/587 552/622/588 554/623/589
f 555/624/590 553/621/587 554/623/589
f 557/625/591 556/626/592 558/627/593
f 561/628/594 559/629/595 560/630/596
f 563/631/597 562/632/598 564/633/599
f 565/634/600 563/635/597 564/636/599
f 568/637/601 566/112/602 567/638/603
f 570/639/604 569/640/605 571/641/606
f 572/642/607 570/643/604 571/644/606
f 573/645/608 574/646/609 575/647/610
f 576/648/611 575/647/610 574/646/609
f 574/646/609 577/649/612 576/648/611
f 575/647/610 578/650/613 573/645/608
f 579/651/614 573/645/608 578/650/613
f 578/650/613 580/652/615 579/651/614
f 581/653/616 579/651/614 580/652/615
f 579/651/614 581/653/616 582/654/617
f 583/655/608 584/656/618 585/657/619
f 584/656/618 583/655/608 586/658/620
f 587/659/621 584/656/618 586/658/620
f 587/659/621 586/658/620 588/660/621
f 585/657/619 589/661/622 583/655/608
f 589/661/622 585/657/619 590/662/623
f 591/663/624 589/661/622 590/662/623
f 589/661/622 591/663/624 592/664/625
f 596/665/626 594/666/627 593/667/628
f 595/668/629 596/665/626 593/667/628
f 597/669/630 596/665/626 595/668/629
f 596/665/626 597/669/630 598/670/631
f 599/671/632 601/672/633 600/673/634
f 601/672/633 599/671/632 602/674/635
f 601/672/633 603/675/636 604/676/637
f 603/675/636 601/672/633 602/674/635
f 605/677/638 606/678/639 607/679/640
f 606/678/639 605/677/638 608/680/641
f 607/679/640 606/678/639 609/681/642
f 611/682/643 607/679/640 609/681/642
f 610/683/644 605/684/645 612/685/646
f 609/681/642 613/686/647 611/682/643
f 612/685/646 614/687/648 610/683/644
f 613/686/647 609/681/642 615/688/649
f 614/687/648 612/685/646 616/689/650
f 615/688/649 617/690/651 613/686/647
f 614/687/648 616/689/650 618/691/652
f 614/687/648 618/691/652 620/692/653
f 618/691/652 617/693/654 620/692/653
f 620/694/653 617/695/654 619/696/655
f 621/697/656 622/698/657 623/699/658
f 625/700/659 621/697/656 623/699/658
f 622/701/660 626/702/661 624/703/662
f 621/697/656 625/700/659 627/704/663
f 626/702/661 622/701/660 628/705/664
f 625/700/659 629/706/665 627/704/663
f 628/705/664 630/707/666 626/702/661
f 629/706/665 625/700/659 631/708/667
f 630/707/666 628/705/664 632/709/668
f 631/708/667 633/710/669 629/706/665
f 632/709/668 634/711/670 630/707/666
f 633/710/669 631/708/667 635/712/671
f 634/711/670 636/713/672 630/707/666
f 634/711/670 633/714/673 636/713/672
f 637/715/674 638/716/675 639/717/676
f 641/718/677 637/715/674 639/717/676
f 638/719/678 642/720/679 640/721/680
f 637/715/674 641/718/677 643/722/681
f 642/723/679 638/724/678 644/725/682
f 641/718/677 645/726/683 643/722/681
f 644/725/682 646/727/684 642/723/679
f 645/726/683 641/718/677 647/728/685
f 646/727/684 644/725/682 648/729/686
f 647/728/685 649/730/687 645/726/683
f 648/729/686 650/731/688 646/727/684
f 649/730/687 647/728/685 651/732/689
f 650/731/688 652/733/690 646/727/684
f 650/731/688 649/734/691 652/733/690
f 653/735/692 654/736/693 655/737/694
f 655/737/694 654/736/693 656/738/695
f 657/739/696 653/735/692 655/737/694
f 653/735/692 657/739/696 659/740/697
f 658/741/698 654/742/699 660/743/700
f 657/739/696 661/744/701 659/740/697
f 660/743/700 662/745/702 658/741/698
f 661/744/701 657/739/696 663/746/703
f 662/745/702 660/743/700 664/747/704
f 663/746/703 665/748/705 661/744/701
f 662/745/702 664/747/704 666/749/706
f 666/749/706 668/750/707 662/745/702
f 668/751/707 665/551/708 667/752/709
f 666/749/706 665/753/708 668/750/707
f 669/754/710 670/755/711 671/756/712
f 671/756/712 670/755/711 672/757/713
f 673/758/696 669/754/710 671/756/712
f 669/754/710 673/758/696 675/759/714
f 674/760/715 670/761/716 676/762/717
f 673/758/696 677/763/718 675/759/714
f 676/762/717 678/764/719 674/760/715
f 677/763/718 673/758/696 679/765/720
f 678/764/719 676/762/717 680/766/721
f 679/765/720 681/767/722 677/763/718
f 678/764/719 680/766/721 682/768/723
f 682/768/723 684/769/724 678/764/719
f 684/770/724 681/771/725 683/772/726
f 682/768/723 681/773/725 684/769/724
f 685/774/727 686/775/728 687/776/729
f 689/777/730 685/774/727 687/776/729
f 686/778/731 690/779/732 688/780/733
f 685/774/727 689/777/730 691/781/734
f 690/779/732 686/778/731 692/782/735
f 689/777/730 693/783/736 691/781/734
f 692/782/735 694/784/737 690/779/732
f 693/783/736 689/777/730 695/785/738
f 694/784/737 692/782/735 696/786/739
f 695/785/738 697/787/740 693/783/736
f 696/786/739 698/788/741 694/784/737
f 697/787/740 695/785/738 699/789/742
f 698/788/741 700/790/743 694/784/737
f 697/791/744 700/790/743 698/788/741
f 701/792/745 702/793/746 703/794/747
f 701/792/745 703/794/747 704/795/748
f 702/793/746 701/792/745 705/796/749
f 702/793/746 705/796/749 707/797/750
f 706/798/751 703/799/752 708/800/753
f 705/796/749 709/801/754 707/797/750
f 708/800/753 710/802/755 706/798/751
f 709/801/754 705/796/749 711/803/756
f 710/802/755 708/800/753 712/804/757
f 711/803/756 713/805/758 709/801/754
f 710/802/755 712/804/757 714/806/759
f 710/802/755 714/806/759 716/807/760
f 714/806/759 713/808/761 716/807/760
f 716/807/760 713/808/761 715/809/762
f 717/810/763 718/811/764 719/812/765
f 720/813/766 717/810/763 719/812/765
f 717/810/763 720/813/766 722/814/767
f 721/815/768 718/816/769 723/817/770
f 720/813/766 724/818/771 722/814/767
f 723/817/770 725/819/772 721/815/768
f 724/818/771 720/813/766 726/820/773
f 725/819/772 723/817/770 727/821/774
f 726/820/773 728/822/775 724/818/771
f 725/819/772 727/821/774 729/823/776
f 729/823/776 730/824/777 725/819/772
f 729/823/776 728/825/778 730/824/777
f 733/826/779 734/827/780 731/828/781
f 735/829/782 733/830/783 732/831/784
f 734/832/780 733/833/779 736/834/785
f 737/835/786 735/829/782 732/831/784
f 736/834/785 738/836/787 734/832/780
f 737/835/786 739/837/788 735/829/782
f 738/836/787 736/834/785 740/838/789
f 737/835/786 741/839/790 739/837/788
f 740/838/789 742/840/791 738/836/787
f 741/839/790 737/835/786 743/841/792
f 742/840/791 744/842/793 738/836/787
f 743/841/792 745/843/794 741/839/790
f 745/844/795 744/842/793 742/840/791
f 745/843/794 743/841/792 746/845/796
f 747/846/797 748/847/798 749/848/799
f 748/847/798 747/846/797 750/849/800
f 749/848/799 748/847/798 751/850/801
f 749/848/799 751/850/801 753/851/802
f 752/852/803 747/853/804 754/854/805
f 751/850/801 755/855/806 753/851/802
f 754/854/805 756/856/807 752/852/803
f 755/855/806 751/850/801 757/857/808
f 756/856/807 754/854/805 758/858/809
f 757/857/808 759/859/810 755/855/806
f 756/856/807 758/858/809 760/860/811
f 756/856/807 760/860/811 762/861/812
f 760/860/811 759/862/813 762/861/812
f 762/861/812 759/862/813 761/863/586
f 763/864/814 764/865/815 765/866/816
f 766/867/817 763/864/814 765/866/816
f 763/864/814 766/867/817 768/868/818
f 767/869/819 764/870/820 769/871/821
f 766/867/817 770/872/822 768/868/818
f 769/871/821 771/873/823 767/869/819
f 770/872/822 766/867/817 772/874/824
f 771/873/823 769/871/821 773/875/825
f 772/874/824 774/876/826 770/872/822
f 771/873/823 773/875/825 775/877/827
f 775/877/827 776/878/828 771/873/823
f 775/877/827 774/879/829 776/878/828
f 777/880/830 778/881/831 779/882/832
f 779/882/832 778/881/831 780/883/833
f 779/882/832 781/884/834 777/880/830
f 777/880/830 781/884/834 783/885/835
f 782/886/836 778/887/837 784/888/838
f 781/884/834 785/889/839 783/885/835
f 784/888/838 786/890/840 782/886/836
f 785/889/839 781/884/834 787/891/841
f 786/890/840 784/888/838 788/892/842
f 787/891/841 789/893/843 785/889/839
f 786/890/840 788/892/842 790/894/844
f 786/890/840 790/894/844 792/895/845
f 790/894/844 789/896/846 792/895/845
f 792/897/845 789/898/846 791/899/847
f 793/900/848 794/901/849 795/902/850
f 797/903/851 793/900/848 795/902/850
f 794/904/852 798/905/853 796/906/854
f 797/903/851 799/907/855 793/900/848
f 798/905/853 794/904/852 800/908/856
f 797/903/851 801/909/857 799/907/855
f 800/908/856 802/910/858 798/905/853
f 801/909/857 797/903/851 803/911/859
f 802/910/858 800/908/856 804/912/860
f 803/911/859 805/913/861 801/909/857
f 804/912/860 806/914/862 802/910/858
f 805/913/861 803/911/859 807/915/863
f 806/914/862 808/916/864 802/910/858
f 805/917/865 808/916/864 806/914/862
f 809/918/866 810/919/867 811/920/868
f 812/921/869 809/918/866 811/920/868
f 809/918/866 812/921/869 814/922/870
f 813/923/871 810/924/872 815/925/873
f 812/921/869 816/926/874 814/922/870
f 815/925/873 817/927/875 813/923/871
f 816/926/874 812/921/869 818/928/876
f 817/927/875 815/925/873 819/929/877
f 818/928/876 820/930/878 816/926/874
f 817/927/875 819/929/877 821/931/879
f 821/931/879 822/932/880 817/927/875
f 821/931/879 820/933/881 822/932/880
f 823/934/882 824/935/160 825/936/883
f 827/937/884 823/934/882 825/936/883
f 824/938/885 828/939/886 826/940/887
f 823/934/882 827/937/884 829/941/888
f 828/942/886 824/943/885 830/944/889
f 827/937/884 831/945/890 829/941/888
f 830/944/889 832/946/891 828/942/886
f 831/945/890 827/937/884 833/947/892
f 832/946/891 830/944/889 834/948/893
f 833/947/892 835/949/894 831/945/890
f 832/946/891 834/948/893 836/950/895
f 835/949/894 833/947/892 837/951/896
f 836/950/895 838/952/897 832/946/891
f 836/950/895 835/953/898 838/952/897
f 839/954/899 840/955/163 841/956/900
f 842/957/901 839/954/899 841/956/900
f 839/954/899 842/957/901 844/958/902
f 843/959/903 840/960/904 845/961/905
f 842/957/901 846/962/906 844/958/902
f 845/961/905 847/963/907 843/959/903
f 846/962/906 842/957/901 848/964/908
f 847/963/907 845/961/905 849/965/909
f 848/964/908 850/966/910 846/962/906
f 847/963/907 849/965/909 851/967/911
f 851/967/911 852/968/912 847/963/907
f 851/967/911 850/969/913 852/968/912
f 1000/1118/969 1001/1119/969 1002/1120/969
f 1001/1119/969 1000/1118/969 1003/1121/969
f 1004/1122/969 1005/1123/970 1006/1124/969
f 1005/1123/970 1004/1122/969 1007/1125/970
f 1006/1124/969 1008/1126/971 1004/1122/969
f 1009/1127/969 1005/1123/970 1007/1125/970
f 1008/1126/971 1006/1124/969 1010/1128/972
f 1009/1127/969 1007/1125/970 1011/1129/969
f 1012/1130/969 1008/1126/971 1010/1128/972
f 1013/1131/973 1009/1127/969 1011/1129/969
f 1008/1126/971 1012/1130/969 1014/1132/969
f 1013/1131/973 1011/1129/969 1015/1133/974
f 1012/1130/969 1016/1134/975 1014/1132/969
f 1017/1135/969 1013/1131/973 1015/1133/974
f 1012/1130/969 1018/1136/976 1016/1134/975
f 1013/1131/973 1017/1135/969 1019/1137/969
f 1019/1137/969 1016/1134/975 1018/1136/976
f 1016/1134/975 1019/1137/969 1017/1135/969
f 1020/1138/969 1021/1139/969 1022/1140/969
f 1021/1139/969 1020/1138/969 1023/1141/969
f 1020/1138/969 1022/1140/969 1024/1142/969
f 1025/1143/969 1022/1140/969 1021/1139/969
f 1022/1140/969 1025/1143/969 1026/1144/969
f 1026/1144/969 1025/1143/969 1027/1145/969
f 1028/1146/969 1029/1147/969 1030/1148/969
f 1030/1148/969 1029/1147/969 1031/1149/969
f 1032/1150/969 1028/1146/969 1033/1151/975
f 1034/1152/969 1028/1146/969 1032/1150/969
f 1028/1146/969 1034/1152/969 1029/1147/969
f 1029/1147/969 1034/1152/969 1035/1153/969
f 1029/1147/969 1035/1153/969 1036/1154/969
f 1037/1155/977 1039/1156/971 1038/1157/978
f 1039/1156/971 1040/1158/979 1038/1157/978
f 1039/1156/971 1041/1159/920 1040/1158/979
f 1041/1159/920 1042/1160/980 1040/1158/979
f 1043/1161/981 1044/1162/982 1045/1163/969
f 1046/1164/969 1045/1163/969 1044/1162/982
f 1045/1163/969 1046/1164/969 1047/1165/983
f 1048/1166/984 1047/1165/983 1046/1164/969
f 1049/1167/969 1050/1168/969 1051/1169/969
f 1050/1168/969 1049/1167/969 1052/1170/969
f 1049/1167/969 1053/1171/972 1052/1170/969
f 1053/1171/972 1049/1167/969 1054/1172/985
f 1055/1173/969 1056/1174/969 1057/1175/969
f 1057/1175/969 1056/1174/969 1058/1176/986
f 1056/1174/969 1055/1173/969 1059/1177/969
f 1060/1178/969 1059/1177/969 1055/1173/969
f 1059/1177/969 1060/1178/969 1061/1179/987
f 1059/1177/969 1062/1180/969 1056/1174/969
f 1062/1180/969 1059/1177/969 1063/1181/969
f 1065/1182/988 1066/1183/969 1064/1184/989
f 1067/1185/969 1066/1183/969 1065/1182/988
f 1067/1185/969 1068/1186/990 1066/1183/969
f 1069/1187/980 1068/1186/990 1067/1185/969
f 1070/1188/991 1071/1189/992 1072/1190/969
f 1072/1190/969 1071/1189/992 1073/1191/969
f 1073/1191/969 1074/1192/988 1072/1190/969
f 1074/1192/988 1073/1191/969 1075/1193/989
f 1078/1194/993 1077/1195/994 1076/1196/995
f 1077/1195/994 1078/1194/993 1079/1197/969
f 1080/1198/996 1079/1197/969 1078/1194/993
f 1079/1197/969 1080/1198/996 1081/1199/997
f 1084/1200/969 1083/1201/980 1082/1202/998
f 1083/1201/980 1084/1200/969 1085/1203/969
f 1086/1204/999 1085/1203/969 1084/1200/969
f 1085/1203/969 1086/1204/999 1087/1205/999
f 1088/1206/1000 1089/1207/1000 1090/1208/969
f 1090/1208/969 1089/1207/1000 1091/1209/969
f 1092/1210/969 1093/1211/969 1094/1212/969
f 1093/1211/969 1092/1210/969 1095/1213/1001
f 1092/1210/969 1094/1212/969 1096/1214/1001
f 1093/1211/969 1097/1215/969 1094/1212/969
f 1094/1212/969 1097/1215/969 1098/1216/1002
f 1097/1215/969 1093/1211/969 1099/1217/1003
f 1100/1218/1004 1101/1219/1005 1102/1220/923
f 1103/1221/1006 1102/1220/923 1101/1219/1005
f 1102/1220/923 1103/1221/1006 1104/1222/1007
f 1105/1223/1008 1104/1222/1007 1103/1221/1006
f 1106/1224/1009 1108/1225/1010 1107/1226/1011
f 1108/1225/1010 1106/1224/1009 1109/1227/1012
f 1110/1228/1013 1108/1225/1010 1109/1227/1012
f 1111/1229/1014 1108/1225/1010 1110/1228/1013
f 1112/1230/923 1113/1231/923 1114/1232/923
f 1112/1230/923 1114/1232/923 1115/1233/923
f 1113/1231/923 1116/1234/923 1114/1232/923
f 1116/1234/923 1113/1231/923 1117/1235/923
f 1113/1231/923 1112/1230/923 1118/1236/1015
f 1113/1231/923 1118/1236/1015 1119/1237/1016
f 1121/1238/1017 1120/1239/1018 1122/1240/923
f 1124/1241/1019 1121/1238/1017 1122/1240/923
f 1124/1241/1019 1122/1240/923 1125/1242/980
f 1123/1243/1020 1124/1241/1019 1125/1242/980
f 1128/1244/923 1127/1245/1021 1126/1246/1021
f 1127/1245/1021 1128/1244/923 1129/1247/923
f 1130/1248/1022 1129/1247/923 1128/1244/923
f 1130/1248/1022 1131/1249/1022 1129/1247/923
f 1132/1250/1023 1133/1251/923 1134/1252/1007
f 1133/1251/923 1132/1250/1023 1135/1253/923
f 1135/1253/923 1136/1254/1024 1133/1251/923
f 1136/1254/1024 1135/1253/923 1137/1255/1025
f 1138/1256/1026 1140/1257/923 1139/1258/1027
f 1139/1258/1027 1140/1257/923 1141/1259/923
f 1140/1257/923 1142/1260/1028 1141/1259/923
f 1141/1259/923 1142/1260/1028 1143/1261/1029
f 1146/1262/1030 1145/1263/1031 1144/1264/1032
f 1145/1263/1031 1146/1262/1030 1147/1265/1033
f 1148/1266/1029 1147/1265/1033 1146/1262/1030
f 1147/1265/1033 1148/1266/1029 1149/1267/1034
f 1150/1268/1035 1151/1269/1036 1153/1270/923
f 1153/1270/923 1151/1269/1036 1155/1271/923
f 1154/1272/991 1155/1271/923 1152/1273/992
f 1153/1270/923 1155/1271/923 1154/1272/991
f 1158/1274/923 1157/1275/1029 1156/1276/1029
f 1158/1274/923 1159/1277/923 1157/1275/1029
f 1160/1278/1031 1159/1277/923 1158/1274/923
f 1160/1278/1031 1161/1279/1031 1159/1277/923
f 1162/1280/1037 1163/1281/1037 1164/1282/1031
f 1165/1283/1029 1163/1281/1037 1162/1280/1037
f 1163/1281/1037 1166/1284/1038 1164/1282/1031
f 1163/1281/1037 1165/1283/1029 1167/1285/1039
f 1168/1286/1040 1169/1287/1017 1170/1288/1041
f 1170/1288/1041 1169/1287/1017 1171/1289/1042
f 1170/1288/1041 1171/1289/1042 1172/1290/992
f 1172/1290/992 1171/1289/1042 1173/1291/1043
f 1174/1292/1035 1175/1293/923 1176/1294/923
f 1177/1295/991 1176/1294/923 1175/1293/923
f 1175/1293/923 1174/1292/1035 1178/1296/1035
f 1176/1294/923 1177/1295/991 1179/1297/991
f 1181/1298/1025 1180/1299/1044 1182/1300/1045
f 1181/1298/1025 1182/1300/1045 1183/1301/1033
f 1186/1302/1030 1184/1303/1038 1185/1304/1046
f 1184/1303/1038 1186/1302/1030 1187/1305/1047
f 1186/1302/1030 1188/1306/1021 1187/1305/1047
f 1188/1306/1021 1186/1302/1030 1189/1307/1039
f 1191/1308/1028 1187/1305/1047 1188/1306/1021
f 1183/1301/1033 1191/1308/1028 1190/1309/1048
f 1187/1305/1047 1191/1308/1028 1182/1300/1045
f 1183/1301/1033 1182/1300/1045 1191/1308/1028
f 1192/1310/1049 1193/1311/1049 1194/1312/1050
f 1194/1312/1050 1193/1311/1049 1195/1313/1051
f 1192/1310/1049 1196/1314/1052 1193/1311/1049
f 1192/1310/1049 1197/1315/1053 1196/1314/1052
f 1197/1315/1053 1198/1316/1054 1196/1314/1052
f 1199/1317/1055 1198/1316/1054 1197/1315/1053
f 1201/1318/1056 1202/1319/1057 1200/1320/1058
f 1203/1321/1057 1200/1320/1058 1202/1319/1057
f 1202/1319/1057 1204/1322/1059 1203/1321/1057
f 1204/1322/1059 1202/1319/1057 1205/1323/1060
f 1206/1324/1061 1207/1325/1062 1208/1326/1061
f 1206/1324/1061 1209/1327/1063 1207/1325/1062
f 1209/1327/1063 1206/1324/1061 1210/1328/1064
f 1211/1329/923 1212/1330/923 1213/1331/923
f 1211/1329/923 1213/1331/923 1214/1332/923
f 1217/1333/923 1215/1334/1021 1216/1335/1029
f 1217/1333/923 1218/1336/923 1215/1334/1021
f 1219/1337/1024 1218/1336/923 1217/1333/923
f 1219/1337/1024 1220/1338/1065 1218/1336/923
f 1223/1339/923 1222/1340/1066 1221/1341/1028
f 1223/1339/923 1224/1342/1067 1222/1340/1066
f 1225/1343/1068 1224/1342/1067 1223/1339/923
f 1225/1343/1068 1226/1344/1069 1224/1342/1067
f 1227/1345/1070 1222/1340/1066 1224/1342/1067
f 1226/1344/1069 1227/1345/1070 1224/1342/1067
f 1227/1345/1070 1226/1344/1069 1228/1346/1071
f 1229/1347/1031 1227/1345/1070 1228/1346/1071
f 1227/1345/1070 1229/1347/1031 1230/1348/923
f 1230/1348/923 1232/1349/1072 1227/1345/1070
f 1232/1349/1072 1230/1348/923 1231/1350/1048
f 1222/1340/1066 1227/1345/1070 1232/1349/1072
f 1235/1351/1073 1234/1352/1048 1233/1353/1074
f 1235/1351/1073 1236/1354/923 1234/1352/1048
f 1237/1355/1075 1236/1354/923 1235/1351/1073
f 1233/1353/1074 1238/1356/1076 1235/1351/1073
f 1235/1351/1073 1238/1356/1076 1237/1355/1075
f 1236/1354/923 1237/1355/1075 1239/1357/1065
f 1241/1358/1077 1240/1359/1078 1242/1360/1079
f 1240/1359/1078 1237/1355/1075 1238/1356/1076
f 1238/1356/1076 1242/1360/1079 1240/1359/1078
f 1242/1360/1079 1238/1356/1076 1243/1361/1080
f 1244/1362/1081 1243/1361/1080 1238/1356/1076
f 1238/1356/1076 1233/1353/1074 1244/1362/1081
f 1247/1363/1082 1248/1364/1083 1246/1365/1084
f 1248/1364/1083 1247/1363/1082 1249/1366/1085
f 1250/1367/1086 1249/1366/1085 1245/1368/1029
f 1249/1366/1085 1250/1367/1086 1248/1364/1083
f 1251/1369/1087 1252/1370/1088 1253/1371/1089
f 1252/1370/1088 1251/1369/1087 1254/1372/1090
f 1254/1372/1090 1255/1373/1091 1252/1370/1088
f 1252/1370/1088 1255/1373/1091 1256/1374/1092
f 1257/1375/935 1258/1376/935 1259/1377/1093
f 1259/1377/1093 1258/1376/935 1260/1378/1093
f 1257/1375/935 1261/1379/1094 1258/1376/935
f 1262/1380/1094 1261/1379/1094 1257/1375/935
f 1263/1381/935 1264/1382/935 1265/1383/935
f 1264/1382/935 1263/1381/935 1266/1384/1095
f 1267/1385/935 1263/1381/935 1265/1383/935
f 1267/1385/935 1265/1383/935 1268/1386/1096
f 1263/1381/935 1267/1385/935 1269/1387/935
f 1263/1381/935 1269/1387/935 1270/1388/935
f 1271/1389/1097 1272/1390/1097 1273/1391/935
f 1271/1389/1097 1273/1391/935 1274/1392/935
f 1274/1392/935 1273/1391/935 1275/1393/1023
f 1274/1392/935 1275/1393/1023 1276/1394/1023
f 1277/1395/935 1278/1396/935 1279/1397/935
f 1278/1396/935 1277/1395/935 1280/1398/935
f 1277/1395/935 1281/1399/935 1280/1398/935
f 1281/1399/935 1277/1395/935 1282/1400/935
f 1283/1401/935 1284/1402/935 1285/1403/935
f 1283/1401/935 1285/1403/935 1286/1404/935
f 1287/1405/935 1284/1402/935 1283/1401/935
f 1284/1402/935 1287/1405/935 1288/1406/1098
f 1291/1407/1085 1289/1408/1039 1290/1409/1039
f 1290/1409/1039 1292/1410/1085 1291/1407/1085
f 1293/1411/1099 1291/1407/1085 1292/1410/1085
f 1292/1410/1085 1294/1412/1100 1293/1411/1099
f 1297/1413/1085 1296/1414/1080 1295/1415/1023
f 1297/1413/1085 1298/1416/1085 1296/1414/1080
f 1299/1417/1101 1298/1416/1085 1297/1413/1085
f 1299/1417/1101 1300/1418/1101 1298/1416/1085
f 1301/1419/935 1300/1418/1101 1299/1417/1101
f 1302/1420/935 1300/1418/1101 1301/1419/935
f 1305/1421/1102 1304/1422/1029 1303/1423/1023
f 1305/1421/1102 1306/1424/1085 1304/1422/1029
f 1307/1425/1103 1306/1424/1085 1305/1421/1102
f 1307/1425/1103 1308/1426/1104 1306/1424/1085
f 1309/1427/935 1308/1426/1104 1307/1425/1103
f 1310/1428/935 1308/1426/1104 1309/1427/935
f 1311/1429/1105 1312/1430/1106 1313/1431/1107
f 1311/1429/1105 1313/1431/1107 1314/1432/1107
f 1314/1432/1107 1313/1431/1107 1315/1433/1029
f 1314/1432/1107 1315/1433/1029 1316/1434/1021
f 1317/1435/1023 1319/1436/1085 1318/1437/1023
f 1319/1436/1085 1317/1435/1023 1320/1438/1085
f 1320/1438/1085 1321/1439/1097 1319/1436/1085
f 1321/1439/1097 1320/1438/1085 1322/1440/1108
f 1323/1441/1109 1324/1442/1110 1325/1443/1111
f 1324/1442/1110 1326/1444/1112 1325/1443/1111
f 1324/1442/1110 1327/1445/1113 1326/1444/1112
f 1327/1445/1113 1328/1446/1114 1326/1444/1112
f 1329/1447/1115 1330/1448/1108 1331/1449/935
f 1332/1450/1105 1333/1451/1116 1334/1452/935
f 1333/1451/1116 1329/1447/1115 1334/1452/935
f 1332/1450/1105 1334/1452/935 1335/1453/935
f 1335/1453/935 1334/1452/935 1336/1454/1007
f 1335/1453/935 1336/1454/1007 1337/1455/1080
f 1338/1456/935 1334/1452/935 1329/1447/1115
f 1334/1452/935 1338/1456/935 1336/1454/1007
f 1329/1447/1115 1331/1449/935 1338/1456/935
f 1338/1456/935 1331/1449/935 1339/1457/1117
f 1340/1458/1048 1336/1454/1007 1338/1456/935
f 1338/1456/935 1339/1457/1117 1340/1458/1048
f 1341/1459/935 1342/1460/935 1343/1461/935
f 1344/1462/935 1343/1461/935 1342/1460/935
f 1342/1460/935 1341/1459/935 1345/1463/935
f 1344/1462/935 1342/1460/935 1346/1464/935
f 1347/1465/935 1345/1463/935 1341/1459/935
f 1348/1466/935 1344/1462/935 1346/1464/935
f 1345/1463/935 1347/1465/935 1349/1467/935
f 1344/1462/935 1348/1466/935 1350/1468/935
f 1347/1465/935 1351/1469/935 1349/1467/935
f 1352/1470/935 1350/1468/935 1348/1466/935
f 1347/1465/935 1353/1471/935 1351/1469/935
f 1350/1468/935 1352/1470/935 1354/1472/935
f 1353/1471/935 1355/1473/1098 1351/1469/935
f 1356/1474/935 1354/1472/935 1352/1470/935
f 1355/1473/1098 1353/1471/935 1356/1474/935
f 1352/1470/935 1355/1473/1098 1356/1474/935
f 1357/1475/1118 1358/1476/1119 1359/1477/1120
f 1360/1478/1121 1357/1475/1118 1359/1477/1120
f 1358/1476/1119 1357/1475/1118 1361/1479/1122
f 1362/1480/1123 1357/1475/1118 1360/1478/1121
f 1363/1481/1105 1364/1482/1097 1365/1483/935
f 1363/1481/1105 1365/1483/935 1366/1484/935
f 1365/1483/935 1367/1485/1029 1366/1484/935
f 1367/1485/1029 1365/1483/935 1368/1486/1023
f 1369/1487/1124 1370/1488/1082 1371/1489/935
f 1369/1487/1124 1371/1489/935 1372/1490/1125
f 1372/1490/1125 1371/1489/935 1373/1491/1007
f 1372/1490/1125 1373/1491/1007 1374/1492/1126
f 1372/1490/1125 1375/1493/1127 1369/1487/1124
f 1374/1492/1126 1375/1493/1127 1372/1490/1125
f 1376/1494/1108 1377/1495/1128 1378/1496/935
f 1377/1495/1128 1369/1487/1124 1375/1493/1127
f 1375/1493/1127 1378/1496/935 1377/1495/1128
f 1378/1496/935 1375/1493/1127 1379/1497/1007
f 1380/1498/1129 1379/1497/1007 1375/1493/1127
f 1375/1493/1127 1374/1492/1126 1380/1498/1129
f 1381/1499/1130 1382/1500/1131 1383/1501/1132
f 1384/1502/935 1383/1501/1132 1382/1500/1131
f 1385/1503/1133 1383/1501/1132 1384/1502/935
f 1384/1502/935 1382/1500/1131 1386/1504/1007
f 1385/1503/1133 1387/1505/1134 1383/1501/1132
f 1387/1505/1134 1381/1499/1130 1383/1501/1132
f 1381/1499/1130 1387/1505/1134 1389/1506/1135
f 1390/1507/1097 1381/1499/1130 1389/1506/1135
f 1381/1499/1130 1390/1507/1097 1391/1508/1107
f 1392/1509/1136 1391/1508/1107 1388/1510/1007
f 1391/1508/1107 1392/1509/1136 1381/1499/1130
f 1382/1500/1131 1381/1499/1130 1392/1509/1136
f 1393/1511/936 1394/1512/936 1395/1513/936
f 1396/1514/1137 1393/1511/936 1395/1513/936
f 1394/1512/936 1393/1511/936 1397/1515/1138
f 1393/1511/936 1396/1514/1137 1398/1516/936
f 1399/1517/1139 1394/1512/936 1397/1515/1138
f 1396/1514/1137 1400/1518/1140 1398/1516/936
f 1394/1512/936 1399/1517/1139 1401/1519/1141
f 1396/1514/1137 1402/1520/1142 1400/1518/1140
f 1403/1521/1143 1401/1519/1141 1399/1517/1139
f 1404/1522/936 1400/1518/1140 1402/1520/1142
f 1403/1521/1143 1399/1517/1139 1405/1523/936
f 1400/1518/1140 1404/1522/936 1406/1524/936
f 1407/1525/1144 1403/1521/1143 1405/1523/936
f 1407/1525/1144 1406/1524/936 1404/1522/936
f 1403/1521/1143 1407/1525/1144 1408/1526/1145
f 1404/1522/936 1408/1526/1145 1407/1525/1144
f 1409/1527/1146 1412/1528/1147 1410/1529/1148
f 1413/1530/1149 1409/1527/1146 1411/1531/1150
f 1413/1530/1149 1412/1528/1147 1409/1527/1146
f 1415/1532/1151 1413/1530/1149 1414/1533/1152
f 1412/1528/1147 1413/1530/1149 1415/1532/1151
f 1412/1528/1147 1415/1532/1151 1416/1534/1153
f 1417/1535/936 1418/1536/936 1419/1537/936
f 1419/1537/936 1418/1536/936 1420/1538/1154
f 1418/1536/936 1417/1535/936 1421/1539/1154
f 1419/1537/936 1422/1540/936 1417/1535/936
f 1417/1535/936 1422/1540/936 1423/1541/1155
f 1422/1540/936 1419/1537/936 1424/1542/1156
f 1425/1543/936 1426/1544/936 1427/1545/936
f 1428/1546/936 1425/1543/936 1427/1545/936
f 1426/1544/936 1425/1543/936 1429/1547/936
f 1425/1543/936 1428/1546/936 1430/1548/936
f 1431/1549/936 1426/1544/936 1429/1547/936
f 1428/1546/936 1432/1550/936 1430/1548/936
f 1431/1549/936 1429/1547/936 1433/1551/936
f 1432/1550/936 1428/1546/936 1434/1552/936
f 1433/1551/936 1435/1553/936 1431/1549/936
f 1434/1552/936 1436/1554/936 1432/1550/936
f 1435/1553/936 1433/1551/936 1437/1555/936
f 1434/1552/936 1438/1556/936 1436/1554/936
f 1439/1557/1143 1435/1553/936 1437/1555/936
f 1440/1558/1143 1436/1554/936 1438/1556/936
f 1435/1553/936 1439/1557/1143 1440/1558/1143
f 1436/1554/936 1440/1558/1143 1439/1557/1143
f 1441/1559/1157 1442/1560/1158 1443/1561/1159
f 1444/1562/1159 1441/1559/1157 1443/1561/1159
f 1444/1562/1159 1443/1561/1159 1445/1563/1160
f 1446/1564/1161 1444/1562/1159 1445/1563/1160
f 1448/1565/1162 1449/1566/936 1447/1567/1111
f 1449/1566/936 1448/1565/1162 1450/1568/936
f 1450/1568/936 1451/1569/1163 1449/1566/936
f 1451/1569/1163 1450/1568/936 1452/1570/1164
f 1453/1571/936 1454/1572/936 1455/1573/936
f 1455/1573/936 1454/1572/936 1456/1574/936
f 1453/1571/936 1455/1573/936 1457/1575/1143
f 1453/1571/936 1458/1576/936 1454/1572/936
f 1458/1576/936 1453/1571/936 1459/1577/936
f 1458/1576/936 1459/1577/936 1460/1578/936
f 1461/1579/1165 1462/1580/1166 1463/1581/936
f 1463/1581/936 1462/1580/1166 1464/1582/936
f 1463/1581/936 1464/1582/936 1465/1583/1167
f 1465/1583/1167 1464/1582/936 1466/1584/1035
f 1467/1585/1161 1469/1586/936 1468/1587/1160
f 1470/1588/936 1469/1586/936 1467/1585/1161
f 1470/1588/936 1471/1589/1168 1469/1586/936
f 1472/1590/1168 1471/1589/1168 1470/1588/936
f 1473/1591/936 1474/1592/936 1475/1593/936
f 1475/1593/936 1474/1592/936 1476/1594/936
f 1474/1592/936 1473/1591/936 1477/1595/936
f 1477/1595/936 1473/1591/936 1478/1596/936
f 1477/1595/936 1478/1596/936 1479/1597/936
f 1474/1592/936 1477/1595/936 1480/1598/936
f 1480/1598/936 1477/1595/936 1481/1599/936
f 1484/1600/936 1482/1601/1162 1483/1602/1169
f 1484/1600/936 1485/1603/936 1482/1601/1162
f 1486/1604/1164 1485/1603/936 1484/1600/936
f 1486/1604/1164 1487/1605/1170 1485/1603/936
f 1490/1606/936 1489/1607/1160 1488/1608/1171
f 1489/1607/1160 1490/1606/936 1491/1609/936
f 1492/1610/1158 1491/1609/936 1490/1606/936
f 1491/1609/936 1492/1610/1158 1493/1611/1158
f 1495/1612/1054 1496/1613/936 1494/1614/1054
f 1497/1615/936 1496/1613/936 1495/1612/1054
f 1498/1616/1137 1499/1617/936 1500/1618/1172
f 1500/1618/1172 1499/1617/936 1501/1619/936
f 1502/1620/1143 1499/1617/936 1498/1616/1137
f 1499/1617/936 1502/1620/1143 1503/1621/1173
f 1504/1622/936 1505/1623/936 1506/1624/936
f 1507/1625/936 1504/1622/936 1506/1624/936
f 1504/1622/936 1508/1626/936 1509/1627/936
f 1504/1622/936 1510/1628/936 1508/1626/936
f 1510/1628/936 1504/1622/936 1507/1625/936
f 1510/1628/936 1507/1625/936 1511/1629/936
f 1511/1629/936 1507/1625/936 1512/1630/936
f 1513/1631/936 1514/1632/936 1515/1120/936
f 1513/1631/936 1515/1120/936 1516/1633/936
f 1518/1634/1174 1519/1635/1175 1517/1636/1176
f 1519/1635/1175 1518/1634/1174 1520/1637/613
f 1520/1637/613 1521/1638/1152 1519/1635/1175
f 1521/1638/1152 1520/1637/613 1522/1639/1177
f 1523/1640/487 1524/1641/487 1525/1642/956
f 1525/1642/956 1524/1641/487 1526/1643/956
f 1523/1640/487 1527/1644/487 1524/1641/487
f 1528/1645/487 1527/1644/487 1523/1640/487
f 1529/1646/956 1527/1644/487 1528/1645/487
f 1527/1644/487 1529/1646/956 1530/1647/956
f 1533/1648/1178 1531/1649/1179 1532/1650/1180
f 1534/1651/1181 1531/1649/1179 1533/1648/1178
f 1533/1648/1178 1535/1652/1182 1534/1651/1181
f 1535/1652/1182 1533/1648/1178 1536/1653/1183
f 1537/1654/1184 1538/1655/1185 1539/1656/1186
f 1538/1655/1185 1540/1657/956 1539/1656/1186
f 1538/1655/1185 1541/1658/999 1540/1657/956
f 1541/1658/999 1542/1659/988 1540/1657/956
f 1545/1660/1187 1544/1661/1188 1543/1005/1189
f 1545/1660/1187 1546/1662/1190 1544/1661/1188
f 1547/1663/1191 1546/1662/1190 1545/1660/1187
f 1547/1663/1191 1548/1664/1192 1546/1662/1190
f 1549/1665/1193 1550/1666/1194 1551/1667/1195
f 1549/1665/1193 1551/1667/1195 1552/1668/1196
f 1555/1669/956 1553/1670/1197 1554/1671/1082
f 1554/1671/1082 1557/1672/956 1555/1669/956
f 1557/1672/956 1556/1673/1198 1558/1674/1195
f 1558/1674/1195 1555/1669/956 1557/1672/956
f 1559/1675/956 1560/1676/956 1561/1677/1199
f 1561/1677/1199 1560/1676/956 1562/1678/1186
f 1559/1675/956 1563/1679/988 1560/1676/956
f 1564/1680/999 1563/1679/988 1559/1675/956
f 1567/1681/1200 1566/1682/1201 1565/1683/1100
f 1567/1681/1200 1568/1684/608 1566/1682/1201
f 1569/1685/1202 1568/1684/608 1567/1681/1200
f 1569/1685/1202 1570/1686/1203 1568/1684/608
f 1573/1687/1204 1575/1688/956 1571/1689/1205
f 1574/1690/1108 1576/1691/1206 1572/1692/1108
f 1575/1688/956 1573/1687/1204 1576/1691/1206
f 1576/1691/1206 1574/1690/1108 1575/1688/956
f 1578/1693/1186 1579/1694/1207 1577/1695/1208
f 1581/1696/1209 1579/1694/1207 1578/1693/1186
f 1581/1696/1209 1582/1697/989 1579/1694/1207
f 1580/1698/1210 1582/1697/989 1581/1696/1209
f 1587/1699/956 1585/1700/1211 1583/1701/1211
f 1588/1702/956 1586/1703/999 1584/1704/988
f 1585/1700/1211 1587/1699/956 1588/1702/956
f 1586/1703/999 1588/1702/956 1587/1699/956
f 1591/1705/608 1590/1706/1105 1589/1006/1212
f 1591/1705/608 1592/1707/1200 1590/1706/1105
f 1593/1708/1213 1592/1707/1200 1591/1705/608
f 1593/1708/1213 1594/1709/1191 1592/1707/1200
f 1596/1710/1174 1595/1711/1214 1597/1712/956
f 1596/1710/1174 1597/1712/956 1598/1713/956
f 1597/1712/956 1599/1714/1108 1598/1713/956
f 1599/1714/1108 1597/1712/956 1600/1715/1215
f 1601/1716/1216 1603/1717/1217 1602/1718/1218
f 1603/1717/1217 1601/1716/1216 1604/1719/1219
f 1605/1720/1220 1603/1717/1217 1604/1719/1219
f 1606/1721/1221 1603/1717/1217 1605/1720/1220
f 1607/1722/1222 1608/1723/956 1609/1724/956
f 1608/1723/956 1607/1722/1222 1610/1725/1222
f 1611/1726/956 1609/1724/956 1608/1723/956
f 1612/1727/956 1610/1725/1222 1607/1722/1222
f 1609/1724/956 1611/1726/956 1613/1728/956
f 1610/1725/1222 1612/1727/956 1614/1729/956
f 1615/1730/956 1613/1728/956 1611/1726/956
f 1612/1727/956 1616/1731/1223 1614/1729/956
f 1615/1730/956 1611/1726/956 1617/1732/608
f 1612/1727/956 1618/1733/1224 1616/1731/1223
f 1617/1732/608 1619/1734/956 1615/1730/956
f 1618/1733/1224 1620/1735/1200 1616/1731/1223
f 1619/1734/956 1617/1732/608 1621/1736/1200
f 1620/1735/1200 1619/1734/956 1621/1736/1200
f 1620/1735/1200 1618/1733/1224 1622/1737/956
f 1619/1734/956 1620/1735/1200 1622/1737/956
f 1625/1738/1200 1624/1739/1225 1623/1740/1105
f 1625/1738/1200 1626/1741/956 1624/1739/1225
f 1627/1742/1226 1626/1741/956 1625/1738/1200
f 1627/1742/1226 1628/1743/1227 1626/1741/956
f 1631/1744/1228 1630/1745/1099 1629/1746/1229
f 1631/1744/1228 1632/1747/1187 1630/1745/1099
f 1629/1746/1229 1633/1748/1230 1631/1744/1228
f 1634/1749/1231 1632/1747/1187 1631/1744/1228
f 1631/1744/1228 1633/1748/1230 1634/1749/1231
f 1634/1749/1231 1635/1750/1232 1632/1747/1187
f 1636/1751/1233 1634/1749/1231 1633/1748/1230
f 1637/1752/1205 1636/1751/1233 1638/1753/956
f 1633/1748/1230 1638/1753/956 1636/1751/1233
f 1638/1753/956 1633/1748/1230 1639/1754/1105
f 1640/1755/1234 1639/1754/1105 1633/1748/1230
f 1633/1748/1230 1629/1746/1229 1640/1755/1234
f 1643/1756/608 1642/1757/1134 1641/1758/1235
f 1643/1756/608 1644/1759/1236 1642/1757/1134
f 1645/1760/1204 1644/1759/1236 1643/1756/608
f 1645/1760/1204 1646/1761/1237 1644/1759/1236
f 1647/1762/1238 1642/1757/1134 1644/1759/1236
f 1646/1761/1237 1647/1762/1238 1644/1759/1236
f 1647/1762/1238 1646/1761/1237 1648/1763/1239
f 1649/1764/1240 1647/1762/1238 1648/1763/1239
f 1647/1762/1238 1649/1764/1240 1650/1765/608
f 1650/1765/608 1651/1766/1241 1647/1762/1238
f 1642/1757/1134 1647/1762/1238 1651/1766/1241
f 1651/1766/1241 1650/1765/608 1652/1767/1242
f 1653/1768/1243 1654/1769/1031 1655/1770/1244
f 1654/1769/1031 1653/1768/1243 1656/1771/1245
f 1655/1770/1244 1657/1772/1246 1653/1768/1243
f 1657/1772/1246 1655/1770/1244 1658/1773/1203
f 1661/1774/1247 1659/1775/1248 1660/1776/1249
f 1662/1777/1250 1659/1775/1248 1661/1774/1247
f 1661/1774/1247 1663/1778/1251 1662/1777/1250
f 1663/1778/1251 1661/1774/1247 1664/1779/1252
f 1666/1780/1253 1668/1781/968 1665/1782/1253
f 1670/1783/968 1668/1781/968 1666/1780/1253
f 1667/1784/1254 1669/1785/1254 1670/1783/968
f 1670/1783/968 1669/1785/1254 1668/1781/968
f 1671/1786/968 1672/1787/968 1673/1788/968
f 1671/1786/968 1673/1788/968 1674/1789/968
f 1671/1786/968 1675/1790/968 1672/1787/968
f 1672/1787/968 1675/1790/968 1676/1791/1255
f 1675/1790/968 1671/1786/968 1677/1792/968
f 1677/1792/968 1671/1786/968 1678/1793/968
f 1681/1794/968 1680/1795/1256 1679/1796/1256
f 1681/1794/968 1682/1797/968 1680/1795/1256
f 1684/1798/1031 1682/1797/968 1681/1794/968
f 1684/1798/1031 1683/1799/1031 1682/1797/968
f 1685/1800/968 1686/1801/968 1687/1802/968
f 1687/1802/968 1686/1801/968 1688/1803/968
f 1686/1801/968 1685/1800/968 1689/1804/968
f 1690/1805/968 1686/1801/968 1689/1804/968
f 1691/1806/968 1692/1807/968 1693/1808/1257
f 1694/1809/968 1692/1807/968 1691/1806/968
f 1692/1807/968 1694/1809/968 1695/1810/968
f 1695/1810/968 1694/1809/968 1696/1811/1258
f 1699/1812/1259 1698/1813/1174 1697/1814/1256
f 1698/1813/1174 1699/1812/1259 1700/1206/1260
f 1703/1815/1261 1701/1816/1262 1702/1817/1263
f 1702/1817/1263 1704/1818/1261 1703/1815/1261
f 1705/1819/1264 1703/1815/1261 1704/1818/1261
f 1704/1818/1261 1706/1820/1204 1705/1819/1264
f 1707/1821/968 1708/1822/1265 1709/1823/1266
f 1710/1824/1022 1708/1822/1265 1707/1821/968
f 1707/1821/968 1709/1823/1266 1711/1825/1267
f 1712/1826/968 1711/1825/1267 1709/1823/1266
f 1711/1825/1267 1712/1826/968 1713/1827/968
f 1710/1824/1022 1714/1828/1065 1708/1822/1265
f 1715/1829/1268 1716/1830/1269 1717/1831/1267
f 1718/1832/1024 1716/1830/1269 1715/1829/1268
f 1715/1829/1268 1717/1831/1267 1719/1833/1270
f 1717/1831/1267 1720/1834/968 1719/1833/1270
f 1719/1833/1270 1720/1834/968 1721/1835/968
f 1718/1832/1024 1722/1836/1068 1716/1830/1269
f 1725/1837/1271 1724/1838/1256 1723/1839/1240
f 1725/1837/1271 1726/1840/1271 1724/1838/1256
f 1728/1841/1031 1726/1840/1271 1725/1837/1271
f 1728/1841/1031 1727/1842/1022 1726/1840/1271
f 1730/1843/1022 1731/1844/1265 1729/1845/1026
f 1731/1844/1265 1730/1843/1022 1732/1846/1265
f 1732/1846/1265 1733/1847/1256 1731/1844/1265
f 1733/1847/1256 1732/1846/1265 1734/1848/1256
f 1735/1849/968 1736/1850/968 1737/1851/968
f 1735/1849/968 1737/1851/968 1738/1121/968
f 1741/1852/1272 1740/1853/1163 1739/1854/1273
f 1740/1853/1163 1741/1852/1272 1743/1855/1274
f 1744/1856/997 1743/1855/1274 1741/1852/1272
f 1743/1855/1274 1744/1856/997 1742/1857/1275
f 1745/1858/1276 1747/1859/968 1746/1860/1204
f 1747/1859/968 1745/1858/1276 1748/1861/1277
f 1749/1862/1068 1747/1859/968 1748/1861/1277
f 1745/1858/1276 1750/1863/1277 1748/1861/1277
f 1749/1862/1068 1751/1864/1022 1747/1859/968
f 1750/1863/1277 1745/1858/1276 1752/1865/1213
f 1753/1866/968 1750/1863/1277 1752/1865/1213
f 1753/1866/968 1754/1867/1031 1750/1863/1277
f 1753/1866/968 1752/1865/1213 1755/1868/1204
f 1754/1867/1031 1753/1866/968 1756/1869/1031
f 1757/1870/968 1758/1871/1257 1759/1872/968
f 1758/1871/1257 1757/1870/968 1760/1873/968
f 1761/1874/968 1759/1872/968 1758/1871/1257
f 1762/1875/968 1760/1873/968 1757/1870/968
f 1759/1872/968 1761/1874/968 1763/1876/968
f 1760/1873/968 1762/1875/968 1764/1877/968
f 1765/1878/968 1763/1876/968 1761/1874/968
f 1762/1875/968 1766/1879/968 1764/1877/968
f 1765/1878/968 1761/1874/968 1767/1880/968
f 1762/1875/968 1768/1881/968 1766/1879/968
f 1767/1880/968 1769/1882/968 1765/1878/968
f 1768/1881/968 1770/1883/968 1766/1879/968
f 1769/1882/968 1767/1880/968 1771/1884/968
f 1770/1883/968 1769/1882/968 1771/1884/968
f 1770/1883/968 1768/1881/968 1772/1885/968
f 1769/1882/968 1770/1883/968 1772/1885/968
f 1775/1886/1278 1777/1887/1279 1773/1888/1280
f 1774/1889/1281 1777/1887/1279 1776/1890/1282
f 1773/1888/1280 1777/1887/1279 1778/1891/1283
f 1777/1887/1279 1774/1889/1281 1778/1891/1283
f 1781/1892/968 1780/1893/1264 1779/1894/1204
f 1781/1892/968 1782/1895/968 1780/1893/1264
f 1784/1896/1025 1782/1895/968 1781/1892/968
f 1784/1896/1025 1783/1897/1022 1782/1895/968
f 1785/1898/1284 1787/1899/968 1786/1900/1195
f 1787/1899/968 1785/1898/1284 1789/1901/1285
f 1790/1902/1286 1788/1903/1065 1787/1899/968
f 1790/1902/1286 1787/1899/968 1789/1901/1285
f 1785/1898/1284 1791/1904/1287 1789/1901/1285
f 1789/1901/1285 1791/1904/1287 1790/1902/1286
f 1791/1904/1287 1785/1898/1284 1792/1905/1288
f 1792/1905/1288 1793/1906/1256 1791/1904/1287
f 1794/1907/968 1791/1904/1287 1793/1906/1256
f 1791/1904/1287 1794/1907/968 1795/1908/1289
f 1795/1908/1289 1790/1902/1286 1791/1904/1287
f 1796/1909/1065 1795/1908/1289 1794/1907/968
f 1801/1910/968 1800/1911/1290 1799/1912/1264
f 1798/1913/1026 1802/1914/1291 1801/1910/968
f 1801/1910/968 1802/1914/1291 1800/1911/1290
f 1798/1913/1026 1797/1915/1292 1802/1914/1291
f 1803/1916/1293 1800/1911/1290 1802/1914/1291
f 1797/1915/1292 1803/1916/1293 1802/1914/1291
f 1800/1911/1290 1803/1916/1293 1804/1917/1294
f 1803/1916/1293 1797/1915/1292 1805/1918/1295
f 1806/1919/1271 1804/1917/1294 1803/1916/1293
f 1805/1918/1295 1806/1919/1271 1803/1916/1293
f 1804/1917/1294 1806/1919/1271 1807/1920/1240
f 1806/1919/1271 1805/1918/1295 1808/1921/1031
usemtl Meshpart2Mtl.007
f 853/970/914 854/971/914 856/972/915
f 856/972/915 858/973/916 853/970/914
f 857/974/917 859/975/918 855/976/919
f 859/975/918 858/973/916 856/972/915
f 858/973/916 859/975/918 857/974/917
f 860/977/920 861/978/920 862/979/920
f 861/978/920 860/977/920 863/980/920
f 864/981/921 865/982/922 866/983/921
f 866/983/921 867/984/921 864/981/921
f 868/985/923 869/986/923 870/987/923
f 869/986/923 868/985/923 871/988/923
f 872/989/923 873/990/924 874/991/923
f 875/992/925 874/991/923 873/990/924
f 875/992/925 873/990/924 876/993/926
f 876/993/926 877/994/927 875/992/925
f 878/995/923 877/994/927 876/993/926
f 878/995/923 876/993/926 879/996/923
f 880/997/923 881/998/923 882/999/923
f 880/997/923 882/999/923 883/1000/923
f 884/1001/928 886/1002/929 885/1003/930
f 886/1002/929 884/1001/928 887/1004/931
s 0
f 887/1005/932 888/1005/932 886/1005/932
s 1
f 887/1006/933 889/1007/934 888/1008/933
f 887/1006/933 890/1009/934 889/1007/934
f 891/1010/935 892/1011/935 893/1012/935
s 0
f 892/1005/935 894/1005/935 893/1005/935
s 1
f 892/1011/935 891/1010/935 895/1013/935
f 894/1012/935 892/1011/935 896/1014/935
f 895/1013/935 891/1010/935 897/1015/935
f 896/1014/935 898/1016/935 894/1012/935
f 899/1017/935 897/1015/935 891/1010/935
f 896/1014/935 900/1018/935 898/1016/935
f 897/1015/935 899/1017/935 901/1019/935
f 901/1019/935 899/1017/935 902/1020/935
f 903/1021/935 900/1018/935 896/1014/935
f 904/1022/935 901/1019/935 902/1020/935
f 900/1018/935 903/1021/935 905/1023/935
f 905/1023/935 906/1024/935 900/1018/935
f 903/1021/935 907/1025/935 905/1023/935
f 907/1025/935 903/1021/935 908/1026/935
f 909/1027/935 906/1024/935 905/1023/935
f 906/1024/935 909/1027/935 910/1028/935
f 909/1027/935 904/1022/935 910/1028/935
f 911/1029/935 904/1022/935 909/1027/935
f 901/1019/935 904/1022/935 912/1030/935
f 904/1022/935 911/1029/935 912/1030/935
f 913/1031/935 912/1030/935 911/1029/935
f 912/1030/935 913/1031/935 914/1032/935
f 915/1033/935 912/1030/935 914/1032/935
f 914/1032/935 916/1034/935 915/1033/935
f 916/1034/935 917/1035/935 915/1033/935
f 917/1035/935 916/1034/935 918/1036/935
f 919/1037/935 917/1035/935 918/1036/935
f 917/1035/935 919/1037/935 920/1038/935
f 921/1039/936 922/1040/936 923/1041/936
f 921/1039/936 923/1041/936 924/1042/936
f 927/1043/937 926/1044/938 925/1045/939
f 926/1044/938 927/1043/937 928/1046/940
f 931/1047/941 929/1048/942 930/1049/943
f 929/1048/942 931/1047/941 932/1050/944
f 933/1051/945 932/1050/944 931/1047/941
f 932/1050/944 933/1051/945 934/1052/946
f 935/1053/947 934/1052/946 933/1051/945
f 934/1052/946 935/1053/947 936/1054/948
f 939/1055/949 938/1056/950 937/1057/951
f 938/1056/950 939/1055/949 940/1058/952
f 941/1059/953 942/1060/954 943/1061/953
f 942/1060/954 944/1062/955 943/1061/953
f 945/1063/937 944/1062/955 942/1060/954
f 944/1062/955 945/1063/937 946/1064/937
f 949/1065/956 948/1066/937 947/1067/937
f 948/1066/937 949/1065/956 950/1068/956
f 951/1069/957 952/1070/958 953/1071/957
f 953/1071/957 954/1072/956 951/1069/957
f 955/1073/956 951/1069/957 954/1072/956
f 952/1070/958 956/1074/959 953/1071/957
f 952/1070/958 957/1075/960 956/1074/959
f 957/1075/960 952/1070/958 958/1076/960
f 961/1077/956 960/1078/961 959/1079/961
f 960/1078/961 961/1077/956 962/1080/956
f 963/1081/950 964/1082/962 965/1083/963
f 965/1083/963 964/1082/962 966/1084/964
f 965/1083/963 966/1084/964 967/1085/965
f 967/1085/965 966/1084/964 968/1086/966
f 967/1085/965 968/1086/966 969/1087/967
f 969/1087/967 968/1086/966 970/1088/967
f 971/1089/968 972/1090/968 973/1091/968
f 972/1090/968 971/1089/968 974/1092/968
f 974/1092/968 971/1089/968 975/1093/968
f 973/1091/968 976/1094/968 971/1089/968
f 977/1095/968 976/1094/968 973/1091/968
f 976/1094/968 977/1095/968 978/1096/968
f 979/1097/968 978/1096/968 977/1095/968
f 980/1098/968 978/1096/968 979/1097/968
f 978/1096/968 980/1098/968 981/1099/968
f 981/1099/968 982/1100/968 978/1096/968
f 983/1101/968 981/1099/968 980/1098/968
f 984/1102/968 982/1100/968 981/1099/968
f 981/1099/968 983/1101/968 985/1103/968
f 982/1100/968 984/1102/968 986/1104/968
f 987/1105/968 985/1103/968 983/1101/968
f 988/1106/968 986/1104/968 984/1102/968
f 983/1101/968 989/1107/968 987/1105/968
f 988/1106/968 990/1108/968 986/1104/968
f 991/1109/968 990/1108/968 988/1106/968
f 992/1110/968 990/1108/968 991/1109/968
f 992/1110/968 991/1109/968 993/1111/968
f 994/1112/968 992/1110/968 993/1111/968
f 992/1110/968 994/1112/968 995/1113/968
f 996/1114/968 995/1113/968 994/1112/968
f 989/1107/968 996/1114/968 987/1105/968
f 996/1114/968 997/1115/968 995/1113/968
f 997/1115/968 996/1114/968 989/1107/968
f 998/1116/968 997/1115/968 989/1107/968
f 997/1115/968 998/1116/968 999/1117/968
